openalex_id,doi,year,source,found_by,title
W2464847390,10.1016/j.measurement.2016.06.030,2016,Measurement,M main A AND B AND C,Evaluation of point cloud registration using Monte Carlo method
W2119321730,10.1109/tro.2006.875495,2006,IEEE Transactions on Robotics,M main A AND B AND C,Omnidirectional vision scan matching for robot localization in dynamic environments
W2947431802,10.1109/access.2019.2919989,2019,IEEE Access,M main A AND B AND C,Point Cloud Registration Based on MCMC-SA ICP Algorithm
W2967195559,10.3390/s19163555,2019,Sensors,M main A AND B AND C,HoloLens-Based AR System with a Robust Point Set Registration Algorithm
W3010226298,10.1109/tpami.2020.2978477,2020,IEEE Transactions on Pattern Analysis and Machine Intelligence,M main A AND B AND C; B cited by CorAl 2022,Point Set Registration for 3D Range Scans Using Fuzzy Cluster-Based Metric and Efficient Global Optimization
W4393158597,10.1609/aaai.v38i1.27775,2024,Proceedings of the AAAI Conference on Artificial Intelligence,M main A AND B AND C,PosDiffNet: Positional Neural Diffusion for Point Cloud Registration in a Large Field of View with Perturbations
W2059759762,10.1243/0954405981516544,1997,Proceedings of the Institution of Mechanical Engineers Part B Journal of Engineering Manufacture,M main A AND B AND C; B cited by Iversen 2017,Monte Carlo simulation and analysis of free-form surface registration
W4376108486,10.1007/s10846-023-01858-7,2023,Journal of Intelligent & Robotic Systems,M main A AND B AND C,An Enhanced Adaptive Monte Carlo Localization for Service Robots in Dynamic and Featureless Environments
W4292793935,10.1109/tim.2022.3200360,2022,IEEE Transactions on Instrumentation and Measurement,M main A AND B AND C,Precise Repositioning of Robotic Ultrasound: Improving Registration-Based Motion Compensation Using Ultrasound Confidence Optimization
W2031406117,10.1109/oceans-bergen.2013.6608000,2013,,M main A AND B AND C,Bayesian multi-hypothesis scan matching
W3182496594,10.3390/s21134588,2021,Sensors,M main A AND B AND C,Multi-Robot 2.5D Localization and Mapping Using a Monte Carlo Algorithm on a Multi-Level Surface
W4396798378,10.3390/info15050269,2024,Information,M main A AND B AND C,L-PCM: Localization and Point Cloud Registration-Based Method for Pose Calibration of Mobile Robots
W4366438981,10.20965/jrm.2023.p0435,2023,Journal of Robotics and Mechatronics,M main A AND B AND C; F cites Censi 2007,Error Covariance Estimation of 3D Point Cloud Registration Considering Surrounding Environment
W4405632362,10.1109/tii.2024.3507942,2024,IEEE Transactions on Industrial Informatics,M main A AND B AND C,GDC-WED: A Novel Method for Featureless Point Cloud Registration Using Geometry Distance Constraints and Weighted Enhanced Distance
W2210594414,,2009,HAL (Le Centre pour la Communication Scientifique Directe),M main A AND B AND C,"Vehicle Perception: Localization, Mapping with Detection, Classification and Tracking of Moving Objects"
W4220899417,10.3390/app12063007,2022,Applied Sciences,M main A AND B AND C,A Robust Localization System Fusion Vision-CNN Relocalization and Progressive Scan Matching for Indoor Mobile Robots
W7119860189,10.3390/fractalfract10010042,2026,Fractal and Fractional,M main A AND B AND C,A Fractional-Order Spatiotemporal Unified Energy Framework for Non-Repetitive LiDAR Point Cloud Registration
W2124123377,10.1109/robot.2006.1641929,2006,,M main A AND B AND C,Using laser range data for 3D SLAM in outdoor environments
W2597622074,10.20965/jrm.2017.p0094,2017,Journal of Robotics and Mechatronics,M main A AND B AND C,Probabilistic 3D Sound Source Mapping System Based on Monte Carlo Localization Using Microphone Array and LIDAR
W2980344706,10.1109/aim.2019.8868921,2019,,M main A AND B AND C,A Convenient Pose Measurement Method of Mobile Robot Using Scan Matching and Eye-in-Hand Vision System
W4402484782,10.1007/s12008-024-02085-6,2024,International Journal on Interactive Design and Manufacturing (IJIDeM),M main A AND B AND C,Industry and artificial intelligence: industrial robot localization based on improved monte carlo algorithm
W2766201361,10.1109/icra.2018.8461163,2018,,M main A AND B AND C,Improving 6D Pose Estimation of Objects in Clutter Via Physics-Aware Monte Carlo Tree Search
W2517637050,10.1109/ivs.2016.7535489,2016,,M main A AND B AND C,Vehicle localization with low cost radar sensors
W3124928558,10.1109/ssrr50563.2020.9292638,2020,,M main A AND B AND C,A Reliable Localization Architecture for Mobile Surveillance Robots
W1736931297,10.1023/a:1015500622943,2002,Journal of Intelligent & Robotic Systems,M main A AND B AND C,Geometrical Analysis of Two Sets of 3D Correspondence Data Patterns for the Registration of Free-Form Shapes
W2116922079,,2006,DiVA (Linkoping University),M main A AND B AND C,"Ground Object Recognition using Laser Radar Data Geometric Fitting, Performance Analysis, and Applications"
W2905944778,10.1371/journal.pone.0207895,2018,PLoS ONE,M main A AND B AND C,Measuring asymmetry from high-density 3D surface scans: An application to human faces
W4388598822,10.1016/j.icte.2023.11.002,2023,ICT Express,M main A AND B AND C,Collaborative diagnosis in mixed-reality using deep-learning networks and RE-WAPICP algorithm
W1993141117,10.1016/j.cmpb.2007.03.002,2007,Computer Methods and Programs in Biomedicine,M main A AND B AND C,Automated detection and segmentation of cylindrical fragments from calibrated C-arm images for long bone fracture reduction
W3122885952,10.1109/tase.2020.3048333,2021,IEEE Transactions on Automation Science and Engineering,M main A AND B AND C,Robust Localization for Intelligent Vehicles Based on Pole-Like Features Using the Point Cloud
W2008048044,10.1109/iros.2013.6697035,2013,,M main A AND B AND C,Mapping with synthetic 2D LIDAR in 3D urban environment
W3215849868,10.55417/fr.2022050,2022,Field Robotics,M main A AND B AND C,Kilometer-Scale Autonomous Navigation in Subarctic Forests: Challenges and Lessons Learned
W42886951,,2009,,M main A AND B AND C,Experimental Evaluation of a People Detection Algorithm in Dynamic Environments
W3000065826,10.1109/access.2020.2965300,2020,IEEE Access,M main A AND B AND C,Hybrid Maps Enhanced Localization System for Mobile Manipulator in Harsh Manufacturing Workshop
W3089501578,10.1109/icra40945.2020.9197059,2020,,M main A AND B AND C,ROI-cloud: A Key Region Extraction Method for LiDAR Odometry and Localization
W3118330673,10.1007/s40313-020-00666-w,2021,Journal of Control Automation and Electrical Systems,M main A AND B AND C,Real-Time Autonomous Vehicle Localization Based on Particle and Unscented Kalman Filters
W4367172626,10.18494/sam4158,2023,Sensors and Materials,M main A AND B AND C,Sensor Fusion of Light Detection and Ranging and iBeacon to Enhance Accuracy of Autonomous Mobile Robot in Hard Disk Drive Clean Room Production Line
W2920879222,10.1109/robio.2018.8664899,2018,,M main A AND B AND C,Robust Global Localization by Using Global Visual Features and Range Finders Data
W4415481605,10.1109/icivc66358.2025.11200353,2025,,M main A AND B AND C,Iterative Similarity Perturbation Point Cloud Registration Based on Deformation-Resistant Region Detection
W4390722885,10.48550/arxiv.2401.03167,2024,arXiv (Cornell University),M main A AND B AND C,PosDiffNet: Positional Neural Diffusion for Point Cloud Registration in a Large Field of View with Perturbations
W2162224443,10.1109/im.1997.603852,2002,,M main A AND B AND C,A registration aid
W2746974184,10.1016/j.actaastro.2017.08.020,2017,Acta Astronautica,M main A AND B AND C,A new star tracker concept for satellite attitude determination based on a multi-purpose panoramic camera
W3048190720,10.1109/aim43001.2020.9158915,2020,,M main A AND B AND C,Accurate LiDAR-based Localization in Glass-walled Environment
W419459907,,2012,,M main A AND B AND C,Automated Aerial Refueling Position Estimation Using a Scanning LiDAR
W2413477357,10.1109/acpr.2015.7486469,2015,,M main A AND B AND C,WA-ICP algorithm for tackling ambiguous correspondence
W4310969418,10.1109/iecon49645.2022.9968771,2022,IECON 2022 – 48th Annual Conference of the IEEE Industrial Electronics Society,M main A AND B AND C,Accurate Pose Tracking of Mobile Robot Using Entropy-based TrimICP in Dynamic Environment
W4283815720,10.1007/s13177-022-00314-4,2022,International Journal of Intelligent Transportation Systems Research,M main A AND B AND C,Self-Driving Vehicle Localization using Probabilistic Maps and Unscented-Kalman Filters
W4312460601,10.1007/978-3-031-20077-9_16,2022,Lecture notes in computer science,M main A AND B AND C,SuperLine3D: Self-supervised Line Segmentation and Description for LiDAR Point Cloud
W7117963466,10.1007/978-981-95-5737-0_6,2026,Lecture notes in computer science,M main A AND B AND C,CGReg: Classification-Guided Point Cloud Registration via Equivariant Learning
W1967814761,10.1118/1.3684958,2012,Medical Physics,M main A AND B AND C,Predicting target vessel location on robot-assisted coronary artery bypass graft using CT to ultrasound registration
W2170472272,10.1109/cira.2005.1554296,2005,,M main A AND B AND C,Laser Based Personal Navigation System
W2975847968,10.1109/ssrr.2019.8848964,2019,,M main A AND B AND C,Large Scale 2D Laser SLAM using Truncated Signed Distance Functions
W1970032239,10.1109/urai.2014.7057480,2014,,M main A AND B AND C,Integrating elementary functions for autonomous navigation of a mobile robot
W2396993951,,2011,PubMed,M main A AND B AND C,[Experimental study of three dimensional navigation assisted spinal surgery by multi-segment registration technology based on structured light scanning].
W7165389951,10.3390/info17060611,2026,Information,M main A AND B AND C,Research on Spanning Tree Topology Optimization and Pyramid-Based Fine Alignment Algorithm for Multi-View Point Cloud Registration
W7204668499,10.2139/ssrn.7372270,2026,SSRN Electronic Journal,M main A AND B AND C,Lightweight Cross-Modal Channel Calibration and Controlled Evaluation of Candidate-Budget Effects for Image-to-Point Cloud Registration
W4312248127,10.1109/case49997.2022.9926439,2022,2022 IEEE 18th International Conference on Automation Science and Engineering (CASE),M main A AND B AND C,Scan Matching and Probabilistic Stationary Global Localization in an Airport Environment
W156288433,10.1007/978-3-642-32172-6_8,2012,Studies in computational intelligence,M main A AND B AND C,A Non-contact Image-to-Patient Registration Method Using Kinect Sensor and WAP-ICP
W2971338476,10.1109/ivs.2019.8814016,2019,,M main A AND B AND C,Map Switching Monte Carlo LiDAR Localization for Automated Driving in Parking Garages
W2984212216,,2019,IV,M main A AND B AND C,Map Switching Monte Carlo LiDAR Localization for Automated Driving in Parking Garages.
W2756158950,10.23919/chicc.2017.8028452,2017,,M main A AND B AND C,Map-based robust localization for indoor mobile robots
W4412980466,10.1016/j.measurement.2025.118602,2025,Measurement,M main A AND B AND C,Reference data generation for evaluating pairwise registration algorithms
W7126072680,10.1109/wpmc67460.2025.11351110,2025,,M main A AND B AND C,Hierarchical Scan Matching for High Accuracy Localization for Kidnapped Robots
W1979700120,10.1110/ps.03385504,2003,Protein Science,M main A AND B AND C,Using surface envelopes for discrimination of molecular models
W2005809055,10.3182/20100906-3-it-2019.00082,2010,IFAC Proceedings Volumes,M main A AND B AND C,On the closed-form covariance estimation for the pIC algorithm
W4299397647,10.48550/arxiv.1710.08577,2017,arXiv (Cornell University),M main A AND B AND C,Improving 6D Pose Estimation of Objects in Clutter via Physics-aware\n Monte Carlo Tree Search
W2126381374,10.1007/11569541_16,2005,Lecture notes in computer science,M main A AND B AND C,A Novel Multifaceted Virtual Craniofacial Surgery Scheme Using Computer Vision
W187519708,,2006,KTH Publication Database DiVA (KTH Royal Institute of Technology),M main A AND B AND C,3D Content-Based Model Matching using Geometric Features
W7123336547,10.1109/lra.2026.3653340,2026,IEEE Robotics and Automation Letters,M main A AND B AND C,SilRef: Joint Visual Silhouette and Tactile Pose Optimization for Transparent Object Manipulation
W2791637346,10.1109/intellisys.2017.8324223,2017,2017 Intelligent Systems Conference (IntelliSys),M main A AND B AND C,Detection by registration
W3095946098,10.31590/ejosat.746214,2020,European Journal of Science and Technology,M main A AND B AND C,"ROS Ekosistemi ile Robotik Uygulamalar için UWB, LiDAR ve Odometriye Dayalı Konumlandırma ve İlklendirme Algoritmaları"
W4413423216,10.30919/es1686,2025,Engineered Science,M main A AND B AND C,DisorientLiDAR: Physical Attacks on LiDAR-based Localization
W4299609154,10.48550/arxiv.2208.01925,2022,arXiv (Cornell University),M main A AND B AND C,SuperLine3D: Self-supervised Line Segmentation and Description for LiDAR Point Cloud
W7154564297,10.1177/16878132261442321,2026,Advances in Mechanical Engineering,M main A AND B AND C; F cites Zhang 2016,Lidar-inertial odometry tightly coupled SLAM research based on scene degradation detection
W4388993226,10.1109/sii58957.2024.10417145,2024,,M main A AND B AND C,Towards Retail Stores Automation: 6-DOF Pose Estimation Combining Deep Learning Object Detection and Dense Depth Alignment
W7161483426,10.1061/jccee5.cpeng-7391,2026,Journal of Computing in Civil Engineering,M main A AND B AND C,Deep Learning–Based Few-Shot Method for Detection and Evaluation of Tunnel Overbreak and Underbreak
W2789329550,,2018,,M main A AND B AND C,"Collaborative strategies for autonomous localisation, 3D reconstruction and pathplanning."
W4413096628,10.1109/etae65337.2025.11089764,2025,,M main A AND B AND C,A Hybrid 3D-2D Point Cloud Fusion Framework for Adaptive Localization in Warehouse Robot Navigation Systems
W7213348393,10.3233/atde260931,2026,Advances in transdisciplinary engineering,M main A AND B AND C,A Study on an Autonomous Navigation System for Mobile Robots Based on Laser SLAM
W7160017793,10.3390/vehicles8050096,2026,Vehicles,M main A AND B AND C,Automated Mid-Surface Mesh Generation Method for Automotive Plastic Parts Based on Deep Learning
W4417281774,10.1109/ur69537.2026.11626739,2026,,M main A AND B AND C,Fast and Robust Localization for Humanoid Soccer Robot via Iterative Landmark Matching
W4412626761,10.1117/12.3068819,2025,,M main A AND B AND C,Autonomous navigation push material robot in ranch based on multisensor
W7164344834,10.1109/asma67812.2025.11552993,2025,,M main A AND B AND C,Cross-Domain Few-Shot Adaptation of Siamese Networks for Robot Initial Localization
W7164317580,10.48550/arxiv.2606.11708,2026,arXiv (Cornell University),M main A AND B AND C,Explore From Sketch: Accelerating UAV Exploration in Large-scale Environments with Prior Maps
W7164614632,,2026,arXiv (Cornell University),M main A AND B AND C,Explore From Sketch: Accelerating UAV Exploration in Large-scale Environments with Prior Maps
W7162581763,10.3390/buildings16112146,2026,Buildings,M main A AND B AND C,High-Precision 3D Reconstruction of Historic Buildings Using Multi-Source Data
W3022126997,10.32508/stdj.v12i16.2356,2009,Science and Technology Development Journal,M main A AND B AND C,RESEARCHING FOR THE SAMPLING METHOD ON CMM
W4286850093,10.48550/arxiv.2111.13981,2021,arXiv (Cornell University),M main A AND B AND C,Kilometer-scale autonomous navigation in subarctic forests: challenges and lessons learned
W4415068897,10.48550/arxiv.2506.11530,2025,arXiv (Cornell University),M main A AND B AND C,Robust Filtering -- Novel Statistical Learning and Inference Algorithms with Applications
W7125915303,10.1109/access.2026.3658449,2026,IEEE Access,M main A AND B AND C,Precise Target Point Localization in 2D SLAM Using Multi Maps
W7202213398,10.48550/arxiv.2608.07564,2026,arXiv (Cornell University),M main A AND B AND C,Coarse-to-Fine Registration of Jawbone CT and Intraoral Scan Data Using GeDi and ICP with Pseudo-IOS Ground Truth
W4414581174,10.48550/arxiv.2505.18340,2025,arXiv (Cornell University),M main A AND B AND C,A Coarse to Fine 3D LiDAR Localization with Deep Local Features for Long Term Robot Navigation in Large Environments
W7118128365,10.31449/inf.v49i36.10614,2025,Informatica,M main A AND B AND C,Multimodal 3D Fire and Smoke Localization in Complex Scenes via YOLOv7 and PointNet++ Integration
W7202363453,10.1088/1361-6501/ae9977,2026,Measurement Science and Technology,M main A AND B AND C,Dynamic uncertainty evaluation of axial displacement of optical scanning coordinate measuring machine based on neural network
W7164862918,10.1016/j.ins.2026.123786,2026,Information Sciences,M main A AND B AND C,SURE: Semantic- and uncertainty-aware registration network for robust outdoor LiDAR alignment
W2787084047,,2010,HAL (Le Centre pour la Communication Scientifique Directe),M main A AND B AND C,Contribution to Perception for Intelligent Vehicles
W7124841623,10.1155/int/4278222,2026,International Journal of Intelligent Systems,M main A AND B AND C,A Coarse‐to‐Fine 3D LiDAR Localization With Deep Local Features for Long‐Term Robot Navigation in Large Environments
W4415089935,10.48550/arxiv.2509.12595,2025,arXiv (Cornell University),M main A AND B AND C,DisorientLiDAR: Physical Attacks on LiDAR-based Localization
W4413325105,10.1117/12.3072950,2025,,M main A AND B AND C,Research on space laser 3D point cloud data registration technology
W2348637884,,2014,Control theory & applications,M main A AND B AND C,Indoor integrated navigation of micro aerial vehicle based on radar-scanner and inertial navigation system
W4413823828,10.1109/bdpc63545.2025.11135842,2025,,M main A AND B AND C,AI-Enhanced Mixed Reality: Transforming Real-Time Medical Data Collaboration among Physicians and Trainees
W4410295599,10.1109/tim.2025.3568973,2025,IEEE Transactions on Instrumentation and Measurement,M main A AND B AND C,Research on Mobile Robot Localization Method Based on Adaptive Motion Model and Double-Threshold Relocation Strategy
W4408897136,10.1109/icocta64736.2024.00040,2024,,M main A AND B AND C,IMU/ODO Pre-integration Based Tightly Coupled LiDAR SLAM in Degradation Scenarios
W7171998027,10.21203/rs.3.rs-10196688/v1,2026,Research Square,M main A AND B AND C,Research on a Quick Response Code-Assisted Two-Stage Multi-Sensor Fusion Localization Method
W7128437526,10.3390/math14040606,2026,Mathematics,M main A AND B AND C,Selective Downsampling for Fast and Accurate 3D Global Registration with Applications in Medical Imaging
W4415936284,10.48550/arxiv.2511.00260,2025,arXiv (Cornell University),M main A AND B AND C,C3VDReg: A Benchmark for Local-to-Local Colonoscopic Registration toward Anatomical Localization
W4391257605,10.5270/esa-gnc-icatt-2023-187,2023,,M main A AND B AND C,"Guidance, Navigation and Control for the autonomous rendezvous and docking of cooperative targets"
W7212442284,10.5281/zenodo.22738093,2026,Zenodo (CERN European Organization for Nuclear Research),S1 loop closure verification,CASPER: A Design Study for a Clutter-Aware Semantic Perception Framework for LiDAR Odometry in Dynamic Industrial Warehouse Environments
W7212450595,10.5281/zenodo.22738092,2026,Zenodo (CERN European Organization for Nuclear Research),S1 loop closure verification,CASPER: A Design Study for a Clutter-Aware Semantic Perception Framework for LiDAR Odometry in Dynamic Industrial Warehouse Environments
W7163148073,10.1088/1361-6501/ae65cc,2026,Measurement Science and Technology,S1 loop closure verification,Research on excavator environment perception and localization system based on multi-sensor data fusion
W2132732015,10.1109/isbi.2009.5193150,2009,,S2 registration failure,Detecting registration failure
W2918803465,10.1016/j.prro.2019.02.014,2019,Practical Radiation Oncology,S2 registration failure,Predictive Models to Determine Clinically Relevant Deviations in Delivered Dose for Head and Neck Cancer
W2142135802,10.1109/iros.2009.5354114,2009,,S2 registration failure,Detailed 3D mapping based on image edge-point ICP and recovery from registration failure
W2155688623,10.1109/isbi.2008.4541009,2008,,S2 registration failure,Accurate registration and failure detection in tissue micro array images
W2102595307,10.1109/tmi.2010.2050897,2010,IEEE Transactions on Medical Imaging,S2 registration failure,A Generative Model for Image Segmentation Based on Label Fusion
W2945019228,10.1002/acm2.12614,2019,Journal of Applied Clinical Medical Physics,S2 registration failure,Developing a MLC modifier program to improve fiducial detection for MV/kV imaging during hypofractionated prostate volumetric modulated arc therapy
W2129690990,10.1109/cvpr.2008.4587832,2008,,S2 registration failure,Accurate and robust registration for in-hand modeling
W3016650291,10.1109/tie.2020.2987286,2020,IEEE Transactions on Industrial Electronics,S2 registration failure,Viewpoints Planning for Active 3-D Reconstruction of Profiled Blades Using Estimated Occupancy Probabilities (EOP)
W2329667864,10.1167/iovs.14-15949,2015,Investigative Ophthalmology & Visual Science,S2 registration failure,Accuracy Assessment of Intra- and Intervisit Fundus Image Registration for Diabetic Retinopathy Screening
W2972364461,10.1007/s11633-019-1198-3,2019,Machine Intelligence Research,S2 registration failure,Tracking Registration Algorithm for Augmented Reality Based on Template Tracking
W2622246761,10.1016/j.optlaseng.2017.05.011,2017,Optics and Lasers in Engineering,S2 registration failure,An automatic and robust point cloud registration framework based on view-invariant local feature descriptors and transformation consistency verification
W2991767878,10.1109/tits.2019.2955734,2019,IEEE Transactions on Intelligent Transportation Systems,S2 registration failure,Mapping and Semantic Modeling of Underground Parking Lots Using a Backpack LiDAR System
W2151560515,10.1117/12.659594,2006,"Proceedings of SPIE, the International Society for Optical Engineering/Proceedings of SPIE",S2 registration failure,Ultrasound self-calibration
W1964370303,10.1186/s13014-015-0386-8,2015,Radiation Oncology,S2 registration failure,Development of CBCT-based prostate setup correction strategies and impact of rectal distension
W1563133525,10.1007/11566465_77,2005,Lecture notes in computer science,S2 registration failure,Real-Time Quality Control of Tracked Ultrasound
W2991189189,10.1109/itsc.2019.8917003,2019,,S2 registration failure,InertialNet: Toward Robust SLAM via Visual Inertial Measurement
W4404317064,10.1109/tim.2024.3497150,2024,IEEE Transactions on Instrumentation and Measurement,S2 registration failure,GOR-PCR: Graph-Based Outlier Removal via Global-to-Local Consistency for Point Cloud Registration
W1906051104,10.1109/mfi.2015.7295818,2015,,S2 registration failure,Real-time depth and inertial fusion for local SLAM on dynamic legged robots
W1896736147,10.1002/rcs.1700,2015,International Journal of Medical Robotics and Computer Assisted Surgery,S2 registration failure,Towards scene adaptive image correspondence for placental vasculature mosaic in computer assisted fetoscopic procedures
W2022789665,10.5244/c.21.25,2007,,S2 registration failure,Identifying Lens Distortions in Image Registration by Learning from Examples
W3027636084,10.1109/iicspi48186.2019.9095911,2019,2019 2nd International Conference on Safety Produce Informatization (IICSPI),S2 registration failure,Tracking Registration Algorithm for Augmented Reality based on Random Fern
W2625696191,10.1142/s0218001418540046,2017,International Journal of Pattern Recognition and Artificial Intelligence,S2 registration failure,CH-Marker: A Color Marker Robust to Occlusion for Augmented Reality
W2801497651,10.1007/s00371-018-1540-8,2018,The Visual Computer,S2 registration failure,Real-time 3D scene reconstruction with dynamically moving object using a single depth camera
W2518453797,10.1109/tgrs.2016.2594294,2016,IEEE Transactions on Geoscience and Remote Sensing,S2 registration failure,Automatic Parameter Selection for Intensity-Based Registration of Imagery to LiDAR Data
W4389890025,10.3390/s23249837,2023,Sensors,S2 registration failure,Robust Point Cloud Registration Network for Complex Conditions
W2539314168,10.1109/nssmic.2007.4436938,2007,,S2 registration failure,Small-animal PET registration method with intrinsic validation designed for large datasets
W3133464696,10.1117/12.2580800,2021,,S2 registration failure,Development and characterization of a chest CT atlas
W4400733420,10.3390/electronics13142807,2024,Electronics,S2 registration failure,A Robust AR-DSNet Tracking Registration Method in Complex Scenarios
W7162579221,10.1016/j.knosys.2026.116304,2026,Knowledge-Based Systems,S2 registration failure,Noise-Free Domain Adaptation for barely supervised 3D seismic fault detection
W7134230838,10.1167/tvst.15.3.8,2026,Translational Vision Science & Technology,S2 registration failure,Registration-Based Analysis of the Three-Dimensional Shape of the Retinal Nerve Fiber Layer for Detection of Glaucomatous Defects
W7135046264,10.1016/j.knosys.2026.115698,2026,Knowledge-Based Systems,S2 registration failure,MIFSO-Net: A 3D point cloud registration network using multilevel contextual feature interaction and saliency-Guided overlap enhancement
W7154328621,10.1080/10095020.2026.2642558,2026,Geo-spatial Information Science,S2 registration failure; F cites X-ICP 2024,IaNDT-SLAM: intensity-augmented NDT for robust LiDAR-inertial SLAM in unstructured environments
W4414283196,10.1016/j.optlastec.2025.113917,2025,Optics & Laser Technology,S2 registration failure,Boosting robust multimodal point cloud registration via tightly-coupled framework of visual and geometric features
W4414413473,10.48550/arxiv.2507.16201,2025,arXiv (Cornell University),S2 registration failure,A Single-step Accurate Fingerprint Registration Method Based on Local Feature Matching
W2887153274,10.1117/12.2502862,2018,,S2 registration failure,Registration of dense matched point cloud from UAV-borne images
W7162321975,10.5281/zenodo.20383525,2026,Zenodo (CERN European Organization for Nuclear Research),S2 registration failure,Persistence-Stable Observer Failure in Resolution-Limited Accessibility Systems
W7162284192,10.5281/zenodo.20383524,2026,Zenodo (CERN European Organization for Nuclear Research),S2 registration failure,Persistence-Stable Observer Failure in Resolution-Limited Accessibility Systems
W4402850791,10.22541/au.172725579.98211626/v1,2024,,S2 registration failure,Interactive 2D LiDAR SLAM for augmented mapping
W4407457030,10.1109/cac63892.2024.10865095,2024,,S2 registration failure,Effective and Robust Point Cloud Registration in Weak Texture Regions
W4412571705,10.2139/ssrn.5360699,2025,SSRN Electronic Journal,S2 registration failure,Plane-Assisted Indoor Lidar Slam
W4416746442,10.1016/j.measurement.2025.119639,2025,Measurement,S2 registration failure,Plane-assisted indoor Lidar SLAM
W7128760290,,2025,"Portuguese National Funding Agency for Science, Research and Technology (RCAAP Project by FCT)",S2 registration failure,RFID solutions evaluation in industrial container access control
W7203478189,10.64898/2026.08.08.743602,2026,bioRxiv (Cold Spring Harbor Laboratory),S2 registration failure,ACCREDIT: A Quality-Aware Agentic Engine for Cell-resolved Cross-modal Image Registration with Dynamic Iterative Tuning
W3174443268,10.1007/978-3-030-70665-4_188,2021,Lecture notes on data engineering and communications technologies,S2 registration failure,Mathematical Problems in Engineering Augmented Reality Method Based on Improved KCF
W2186192426,,2011,,S2 registration failure,A Generative Mold for Image Segmentation Based on Tag Union
W7165191035,10.1088/1361-6501/ae7f41,2026,Measurement Science and Technology,S2 registration failure,SOAR-3D: a fusion method of 3D target model and 2D thermal image
W7204254831,10.18623/rvd.v23.8136,2026,Veredas do Direito Direito Ambiental e Desenvolvimento Sustentável,S2 registration failure,AI-AUGMENTED ROOT-CAUSE ANALYSIS WORKFLOWS FOR LARGE-SCALE FIXED BROADBAND FIBER ACCESS NETWORK OPERATIONS
W1138937991,10.1118/1.4924205,2015,Medical Physics,S2 registration failure,SU‐E‐J‐118: A Systematic Analysis of Rigid Image Registration Using Patient CTs and Simulated Setup Images with a Unique Gold Standard Registration
W7202346903,10.64898/2026.08.07.743571,2026,bioRxiv (Cold Spring Harbor Laboratory),S2 registration failure,Extracting deep learning based morphology segmentation footprint for boar sperm cells
W3195636432,10.4103/jcrsm.jcrsm_59_20,2021,Journal of Current Research in Scientific Medicine,S2 registration failure,Evaluation of quality assurance in the cytopathology laboratory of a tertiary care hospital in Eastern India
W2197415390,,2015,HAL (Le Centre pour la Communication Scientifique Directe),S2 registration failure,Segmentation automatique des images de tomographie conique pour la radiothérapie de la prostate
W2531720778,,2009,Orthopaedic Proceedings,S2 registration failure,NAVIGATED PLACEMENT OF SCAPHOID SCREWS WITH 3-D FLUOROSCOPY -TECHNIQUE AND FIRST LABORATORY RESULTS-
W7162333863,10.5281/zenodo.20384613,2026,Zenodo (CERN European Organization for Nuclear Research),S2 registration failure,The Ontology of Measurement and Uncertainty: Operational Deepening of the Observer's Measurement Constitution
W7166862500,10.5281/zenodo.21109548,2026,Zenodo (CERN European Organization for Nuclear Research),S2 registration failure,The Ontology of Measurement and Uncertainty: Operational Deepening of the Observer's Measurement Constitution
W1508385504,10.20344/amp.1431,2012,Acta Médica Portuguesa,S2 registration failure,Estudo EXPO 2010: Excesso de Peso e Obesidade Infantil.
W196745762,,2010,Utrecht University Repository (Utrecht University),S2 registration failure,Orphan drugs to be followed. Identifying and characterizing the development of follow-on Orphan Medicinal Products in Europe
W2318086066,10.1115/detc2015-47842,2015,,S3 alignment verification,A Point Cloud-Based Method for Object Alignment Verification for Augmented Reality Applications
W2935043457,10.1002/acm2.12565,2019,Journal of Applied Clinical Medical Physics,S3 alignment verification,Accuracy of low‐dose proton CT image registration for pretreatment alignment verification in reference to planning proton CT
W2169113723,10.1109/iccv.2003.1238475,2003,,S3 alignment verification,A new paradigm for recognizing 3-D objects from range data
W4401668947,10.1002/masy.202400005,2024,Macromolecular Symposia,S3 alignment verification,Control of 3D Printing Parameters to Design the Response of Heating Polymers
W3157047494,10.1111/mice.12682,2021,Computer-Aided Civil and Infrastructure Engineering,S3 alignment verification,An algorithm for random generation of admissible horizontal alignments for optimum layout design
W2330135227,,2006,,S3 alignment verification,Human face verification by robust three-dimensional surface alignment
W4385516747,10.1109/ectc51909.2023.00130,2023,,S3 alignment verification,Scalable Fiber-Array-to-Chip Interconnections with Sub-Micron Alignment Accuracy
W7151753724,10.1016/j.autcon.2026.106948,2026,Automation in Construction,S3 alignment verification,Automated LiDAR-based real-time alignment system for modular integrated construction
W4413865197,10.1186/s43046-025-00314-x,2025,Journal of the Egyptian National Cancer Institute,S3 alignment verification,Clinical implementation of a multifaceted quality assurance phantom for high-precision radiation therapy: an institutional experience
W4382052446,10.1109/3dic57175.2023.10155000,2023,,S3 alignment verification,"Fast, Accurate Assembly-Level Physical Verification of 3DIC Packages"
W7163164881,10.5281/zenodo.20488837,2026,Zenodo (CERN European Organization for Nuclear Research),S3 alignment verification,smsaut3344/WDF-Theory: Manuscript Alignment & 3D Multi-Grid SOR Simulation Baseline
W7164664082,10.5281/zenodo.20675369,2026,Zenodo (CERN European Organization for Nuclear Research),S3 alignment verification,smsaut3344/WDF-Theory: Manuscript Alignment & 3D Multi-Grid SOR Simulation Baseline
W4234734119,10.1149/ma2016-02/32/2112,2016,ECS Meeting Abstracts,S3 alignment verification,High Precision Low Temperature Direct Wafer Bonding Technology for Wafer-Level 3D ICs Manufacturing
W1483243511,10.5772/8911,2010,InTech eBooks,S3 alignment verification,"Volumetric Image Registration of Multi-modality Images of CT, MRI and PET"
W7166834802,10.1117/12.3105399,2026,,S3 alignment verification,From final design to first alignment: advancements in the ELT Main Structure
W7123598505,10.1117/12.3092219,2026,,S3 alignment verification,Parallel multi-focus femtosecond laser direct writing enabled by non-iterative phase regional segmentation and SVG guidance
W4412417261,10.3990/1.9789036567602,2025,,S3 alignment verification,Epitaxial metal halide perovskites by pulsed laser deposition
W7167476449,10.1063/5.0333722,2026,Applied Physics Letters,S3 alignment verification,Reflective lensless through-silicon phase imaging for advanced semiconductor packaging metrology
W7167473701,10.60893/figshare.apl.c.8534649,2026,AIP Publishing,S3 alignment verification,Reflective Lensless Through-Silicon Phase Imaging for Advanced Semiconductor Packaging Metrology
W7167463330,10.60893/figshare.apl.c.8534649.v1,2026,AIP Publishing,S3 alignment verification,Reflective Lensless Through-Silicon Phase Imaging for Advanced Semiconductor Packaging Metrology
W1993524644,10.1118/1.4735021,2012,Medical Physics,S3 alignment verification,SU-E-J-180: A Characterization of the LAP Aquarius Phantom for External LAP Laser Alignment and MR Geometric Distortion Verification for the use of SRS Patient Simulation
W7115579211,10.5281/zenodo.17932768,2025,Zenodo (CERN European Organization for Nuclear Research),S3 alignment verification,TOE
W7115072148,10.5281/zenodo.17924578,2025,Zenodo (CERN European Organization for Nuclear Research),S3 alignment verification,TOE
W4403600987,10.1109/lra.2024.3484153,2024,IEEE Robotics and Automation Letters,S4 degeneracy detection; F cites Censi 2007; F cites Zhang 2016; F cites Brossard 2020; F cites X-ICP 2024,Probabilistic Degeneracy Detection for Point-to-Plane Error Minimization
W7203710033,10.48550/arxiv.2608.15532,2026,arXiv (Cornell University),S4 degeneracy detection,Degenerate in Whose Frame? An Equivariance Condition for Degeneracy Detection in LiDAR Registration
W4403571353,10.48550/arxiv.2410.10784,2024,arXiv (Cornell University),S4 degeneracy detection,Probabilistic Degeneracy Detection for Point-to-Plane Error Minimization
W4413978801,10.1109/rcar65431.2025.11139818,2025,,S4 degeneracy detection; F cites X-ICP 2024,"AD-LIO, Robust Tightly Coupled LiDAR-inertial Odometry Based On The Adaptive Voxel Resolution Upgrade And Degeneracy Detection"
W4406121910,10.48550/arxiv.2501.02580,2025,arXiv (Cornell University),S4 degeneracy detection,LP-ICP: General Localizability-Aware Point Cloud Registration for Robust Localization in Extreme Unstructured Environments
W7115919951,10.1088/1361-6501/ae2e24,2025,Measurement Science and Technology,S4 degeneracy detection; F cites X-ICP 2024,VSEL-SLAM: visual semantic information enhanced LiDAR SLAM for degenerate scenes
W4221153071,10.1109/iros47612.2022.9982257,2022,2022 IEEE/RSJ International Conference on Intelligent Robots and Systems (IROS),S4 degeneracy detection; F cites Censi 2007; F cites Zhang 2016; F cites Brossard 2020; F cites Iversen 2017,Learning-based Localizability Estimation for Robust LiDAR Localization
W7125689363,10.2139/ssrn.6073273,2026,SSRN Electronic Journal,S4 degeneracy detection,Adaptive-Weight LiDAR Localization for Degenerate Coal Mine Tunnels with Multi-residual Fusion
W7135058795,10.48550/arxiv.2603.10248,2026,arXiv (Cornell University),S4 degeneracy detection,Degeneracy-Resilient Teach and Repeat for Geometrically Challenging Environments Using FMCW Lidar
W7135157028,,2026,arXiv (Cornell University),S4 degeneracy detection,Degeneracy-Resilient Teach and Repeat for Geometrically Challenging Environments Using FMCW Lidar
W2990844533,10.1109/itsc.2019.8917111,2019,,S5 introspective; B cited by CorAl 2022,What Could Go Wrong? Introspective Radar Odometry in Challenging Environments
W2496508257,10.1093/acprof:oso/9780199744794.003.0005,2012,Oxford University Press eBooks,S5 introspective,On the Phenomenology of Introspection
W4407444661,10.1038/s44277-024-00024-7,2025,NPP—Digital Psychiatry and Neuroscience,S5 introspective,"Protocol for evaluation of iTEST, a novel blended intervention to enhance introspective accuracy in psychotic disorders"
W2359429701,,2005,Journal of Hunan University of Science and Engineering,S5 introspective,The Chinese Urbanization Process since 1949: Review and Introspection
W2907099694,10.1007/s11098-018-01237-1,2019,Philosophical Studies,S5 introspective,Cognitive self-management requires the phenomenal registration of intrinsic state properties
W2325969625,10.1055/s-0033-1358729,2013,Drug Research,S5 introspective,Dilemma with Matrix Effect in Bioanalysis – Perspectives from Bioavailability/Bioequivalence Studies for Product Registration?
W1982452847,10.1007/s11263-006-0020-1,2007,International Journal of Computer Vision,S5 introspective,Detecting Loop Closure with Scene Sequences
W2121833483,10.2196/mhealth.3660,2014,JMIR mhealth and uhealth,S5 introspective,"Qualitative Feedback From a Text Messaging Intervention for Depression: Benefits, Drawbacks, and Cultural Differences"
W2943931832,10.1016/j.ijpsycho.2019.05.006,2019,International Journal of Psychophysiology,S5 introspective,What the replication crisis means for intervention science
W4238994376,10.31222/osf.io/9sz2y,2020,,S5 introspective,Estimating the prevalence of transparency and reproducibility-related research practices in psychology (2014-2017)
W2796573900,10.1007/s40471-018-0148-x,2018,Current Epidemiology Reports,S5 introspective,"The Replication Crisis in Epidemiology: Snowball, Snow Job, or Winter Solstice?"
W4221056339,10.1016/j.neuroimage.2021.118790,2021,NeuroImage,S5 introspective,Deep learning for Alzheimer's disease: Mapping large-scale histological tau protein for neuroimaging biomarker validation
W4366148620,10.1109/lra.2023.3268040,2023,IEEE Robotics and Automation Letters,S5 introspective; anchor TBV 2023; F cites CorAl 2022,TBV Radar SLAM – Trust but Verify Loop Candidates
W1995586709,10.1016/s0140-6736(03)12693-1,2003,The Lancet,S5 introspective,Medical professionals: a need for introspection
W2379432048,,2003,,S5 introspective,Retrospection and Introspection of the Shifting of Peasant-workers in China
W2116149277,10.1186/1471-2458-12-50,2012,BMC Public Health,S5 introspective,Effect of running therapy on depression (EFFORT-D). Design of a randomised controlled trial in adult patients [ISRCTN 1894]
W4415317960,10.48550/arxiv.2510.07053,2025,arXiv (Cornell University),S5 introspective,Introspection in Learned Semantic Scene Graph Localisation
W2274362023,10.7748/nr.23.1.26.e1324,2015,Nurse Researcher,S5 introspective,The value of artefacts in stimulated-recall interviews
W4414948645,10.52152/801828,2025,Lex localis - Journal of Local Self-Government,S5 introspective,NAVIGATING INDIAN TRADEMARK LAWS – AN INTROSPECTION OF WELL-KNOWN TRADEMARKS IN INDIA
W2896443456,,2003,UvA-DARE (University of Amsterdam),S5 introspective,Experimental grid access for dynamic discovery and data transfer in distributed interactive simulation systems
W7108724991,10.5281/zenodo.17821321,2025,Zenodo (CERN European Organization for Nuclear Research),S5 introspective,DEEP INTROSPECTION ADVANCED LEARNING (DIAL) A Unified Architecture for Advanced Artificial Intelligence Systems
W7108710979,10.5281/zenodo.17821322,2025,Zenodo (CERN European Organization for Nuclear Research),S5 introspective,DEEP INTROSPECTION ADVANCED LEARNING (DIAL) A Unified Architecture for Advanced Artificial Intelligence Systems
W7123750371,10.17605/osf.io/jztcr,2026,OSF Preprints (OSF Preprints),S5 introspective,SRT Pre-registration 2026
W3014496187,10.1007/978-3-030-39419-6_7,2020,,S5 introspective,Reading the Criminal in the Austrian School of Criminology: Unveiling the Deviant Character Through Measurement and Intuitive Introspection
W4391422901,10.1109/icar58858.2023.10407013,2023,,S5 introspective,SEM-GAT: Explainable Semantic Pose Estimation Using Learned Graph Attention
W4213024295,10.17721/studling2021.19.127-145,2021,Studia Linguistica,S5 introspective,"METHODS OF EMPIRICAL TRANSLATION SCIENCE AND ITS APPLICATION IN EAST SLAVIC TRANSLATION RESEARCH: OBSERVATION, INTROSPECTION AND RETROSPECTION, SURVEY"
W2046293820,10.1353/abr.2012.0079,2012,American book review/The American book review,S5 introspective,Oil and World Literature
W3194388872,10.1002/9781119111931.ch174,2021,The Encyclopedia of Research Methods in Criminology and Criminal Justice,S5 introspective,Virtual Reality as a Research Method in Criminology
W1532724348,,1998,,S5 introspective,Javabeans by Example
W2393368747,,2009,Hebei faxue,S5 introspective,Problems and Solutions of Chinese Futures Products Listing System——Introspection of two-year implementation of Regulation on the Administration of Futures Trading
W2119172516,10.1007/3-540-44860-8_29,2003,Lecture notes in computer science,S5 introspective,Experimental Grid Access for Dynamic Discovery and Data Transfer in Distributed Interactive Simulation Systems
W2752776997,,2017,First Peoples Child & Family Review An Interdisciplinary Journal Honouring the Voices Perspectives and Knowledges of First Peoples,S5 introspective,Ontario’s History of Tampering and Re-Tampering with Birth Registration Forms
W4413278326,10.1109/icip55913.2025.11084534,2025,,S5 introspective,EQUR: Equivariant Uncertainty Quantification and Refinement for Point Cloud Registration
W2468974970,,2003,,S5 introspective,SCIOUSNESS AND CON-SCIOUSNESS: WILLIAM JAMES AND THE PRIME REALITY OF NON-DUAL EXPERIENCE
W206792372,,2000,World Automation Congress,S5 introspective,Analysis of Module Interaction in an OMAC Controller | NIST
W3099636420,,2022,LA Referencia (Red Federada de Repositorios Institucionales de Publicaciones Científicas),S5 introspective,Deep learning for Alzheimer's disease: mapping large-scale histological tau protein for neuroimaging biomarker validation
W4391358374,10.2196/55369,2024,JMIR Research Protocols,S5 introspective,"Enhancing Psychotherapy Outcomes by Encouraging Patients to Regularly Self-Monitor, Reflect on, and Share Their Affective Responses Toward Their Therapist: Protocol for a Randomized Controlled Trial"
W4405462187,10.1177/10298649241300885,2024,Musicae Scientiae,S5 introspective,Prevalence of transparency and reproducibility-related research practices in music psychology (2017–2022)
W4206530715,10.7591/cornell/9781501755835.001.0001,2021,Cornell University Press eBooks,S5 introspective,Manpower and the Armies of the British Empire in the Two World Wars
W4242695610,10.1007/978-1-4842-2050-4_9,2019,Apress eBooks,S5 introspective,OAuth 2.0 Profiles
W2956558654,10.1101/698902,2019,bioRxiv (Cold Spring Harbor Laboratory),S5 introspective,Deep Learning for Alzheimer’s Disease: Mapping Large-scale Histological Tau Protein for Neuroimaging Biomarker Validation
W2397837685,10.1046/j.1365-2648.2001.00673.x,2001,Journal of Advanced Nursing,S5 introspective,Editorial
W4206705988,10.1515/9781501755866,2021,Cornell University Press eBooks,S5 introspective,Manpower and the Armies of the British Empire in the Two World Wars
W4408349761,10.1007/s00394-025-03643-8,2025,European Journal of Nutrition,S5 introspective,Mulberry leaf extract combined with tryptophan improves sleep and post wake mood in adults with sleep complaints – A randomized cross-over study
W203453735,10.1007/978-1-4302-6817-8_9,2014,Apress eBooks,S5 introspective,OAuth 2.0 Profiles
W4361204286,10.31219/osf.io/kxam3,2023,,S5 introspective,Scientific Reform and Visual Data Science: Retiring the EDA/CDA dichotomy
W1530790551,10.5772/25051,2011,InTech eBooks,S5 introspective,How fMRI Technology Contributes to the Advancement of Research in Mental Imagery: A Review
W4235046330,10.1097/nnd.0b013e318200bd57,2010,Journal for Nurses in Staff Development,S5 introspective,Problem-Based Learning
W4387692031,10.2196/46209,2023,JMIR Formative Research,S5 introspective,Virtual Reality Meditation for Fatigue in Persons With Rheumatoid Arthritis: Mixed Methods Pilot Study
W4417112966,10.1186/s40359-025-03589-w,2025,BMC Psychology,S5 introspective,"I want to talk about climate change, but I wish I didn’t have to: A descriptive qualitative study of an intervention combining creative arts and philosophical inquiry to help elementary school students cope with climate change emotions"
W2792481847,10.1111/phpe.12094,2017,Philosophical Perspectives,S5 introspective,VISUAL EXPECTATIONS AND VISUAL IMAGINATION
W4389163840,10.1093/ijpp/riad074.069,2023,International Journal of Pharmacy Practice,S5 introspective,Research development needs of pharmacists in the North of England: a cross-sectional survey
W4391687250,10.2196/51400,2024,JMIR Formative Research,S5 introspective,Initial Perspectives From Rural-Residing Adults on a Digital Cognitive Health Coaching Intervention: Exploratory Qualitative Analysis
W3187858964,10.1007/978-3-030-76239-1,2021,Springer tracts in civil engineering,S5 introspective,Digital Modernism Heritage Lexicon
W854355539,,2015,Papers on Language & Literature,S5 introspective,"Divided Narratives, Unreliable Narrators, and the Sense of an Ending: Julian Barnes, Frank Kermode, and Ford Madox Ford"
W3199940834,10.1055/s-0041-1733829,2021,Indian Journal of Medical and Paediatric Oncology,S5 introspective,Clinical Trials in India: Missing the Finish Line
W2082418372,10.1353/cli.2007.0028,2007,Contemporary Literature,S5 introspective,The Northern Irish Novelist in Ronan Bennett's The Catastrophist
W2124549189,10.1111/j.1447-0349.2007.00459.x,2007,International Journal of Mental Health Nursing,S5 introspective,Throwing the baby out with the bathwater? A lateral view of nursing research
W2013772997,10.1016/j.ejcts.2007.07.018,2007,European Journal of Cardio-Thoracic Surgery,S5 introspective,Back to the future — The European Society of Thoracic Surgeons
W4412414386,10.4103/jiaphd.jiaphd_70_23,2025,Journal of Indian Association of Public Health Dentistry,S5 introspective,Hospital-based Oral Cancer Registry: A Promising Initiative and A Practical Networking Model
W4385682149,10.48550/arxiv.2308.03718,2023,arXiv (Cornell University),S5 introspective,SEM-GAT: Explainable Semantic Pose Estimation using Learned Graph Attention
W7170366152,10.5281/zenodo.21540930,2026,Zenodo (CERN European Organization for Nuclear Research),S5 introspective,"Perception, Minus the Narrator"
W7170731513,10.5281/zenodo.21540929,2026,Zenodo (CERN European Organization for Nuclear Research),S5 introspective,"Perception, Minus the Narrator"
W3198975403,10.1109/ecmr50962.2021.9568846,2021,,S5 introspective; F cites Censi 2007,CorAl – Are the point clouds Correctly Aligned?
W3153475603,10.1097/prs.0000000000007913,2021,Plastic & Reconstructive Surgery,S5 introspective,Seventy-Fifth Anniversary of Plastic and Reconstructive Surgery: How Evidence-Based Medicine Has Transformed Plastic Surgery
W3034753035,10.12930/nacada-20-01,2020,NACADA Journal,S5 introspective,The Professionalization of Academic Advising: A Structured Literature Review – A Professional Advisor's Response
W7130951797,10.5281/zenodo.18727978,2026,Zenodo (CERN European Organization for Nuclear Research),S5 introspective,AI-Mediated Self-Knowledge: A Terminological Framework for Epistemic Self-Access Through Structured Dialogue with Artificial Interlocutors
W7130977261,10.5281/zenodo.18727979,2026,Zenodo (CERN European Organization for Nuclear Research),S5 introspective,AI-Mediated Self-Knowledge: A Terminological Framework for Epistemic Self-Access Through Structured Dialogue with Artificial Interlocutors
W7155681961,10.5281/zenodo.19802282,2026,Zenodo (CERN European Organization for Nuclear Research),S5 introspective,Emergent Deception in Large Language Models: A Regime-Dependent Taxonomy and Pre-Registered Protocol for Model Self-Report
W7206213969,10.5281/zenodo.22241085,2026,Zenodo (CERN European Organization for Nuclear Research),S5 introspective,Emergent Deception in Large Language Models: A Regime-Dependent Taxonomy and Pre-Registered Protocol for Model Self-Report
W7212352825,10.5281/zenodo.22728836,2026,Zenodo (CERN European Organization for Nuclear Research),S5 introspective,mdaa_bench: simulation bench for blind identification of latent dynamical structure (MDAA)
W4210360923,10.1097/prs.0000000000008811,2022,Plastic & Reconstructive Surgery,S5 introspective,Training Surgeons: Simulation and Reflection
W2765927786,,2017,,S5 introspective,Participación familiar en la disminución de riesgos de consumo de drogas en adolescentes de la cabecera parroquial de La Iberia.
W7203576535,10.5281/zenodo.21959894,2026,Zenodo (CERN European Organization for Nuclear Research),S5 introspective,TaskTide - Backend-agnostic workflow orchestration system
W4409507574,10.1177/0971097320050413,2005,Journal of Indian Academy of Forensic Medicine,S5 introspective,"Recent Scenario of Criminal Negligence in India Doctor, Community & Apex Court"
W7104473482,10.3969/j.issn.1000-3428.2016.02.002,2016,DOAJ (DOAJ: Directory of Open Access Journals),S5 introspective,Design of Monitoring Framework for Malicious Hidden Process on CloudStack
W7125005198,10.17605/osf.io/5pkbg,2025,Open Science Framework,S5 introspective,Intergenerational Learning Bonds (LIGA) - Intervention programme to combat ageism
W4316116310,10.48550/arxiv.2301.04397,2023,arXiv (Cornell University),S5 introspective,TBV Radar SLAM -- trust but verify loop candidates
W4308162007,10.48550/arxiv.2211.01234,2022,arXiv (Cornell University),S5 introspective,Uncertainty-Aware DNN for Multi-Modal Camera Localization
W7213524848,10.5281/zenodo.22817649,2026,Zenodo (CERN European Organization for Nuclear Research),S5 introspective,mdaa_bench: simulation bench for blind identification of latent dynamical structure (MDAA)
W7212398949,10.5281/zenodo.22728835,2026,Zenodo (CERN European Organization for Nuclear Research),S5 introspective,mdaa_bench: simulation bench for blind identification of latent dynamical structure (MDAA)
W7212506616,10.5281/zenodo.22758827,2026,Zenodo (CERN European Organization for Nuclear Research),S5 introspective,mdaa_bench: simulation bench for blind identification of latent dynamical structure (MDAA)
W7212352327,10.5281/zenodo.22728897,2026,Zenodo (CERN European Organization for Nuclear Research),S5 introspective,Eliciting and Validating AI Self-Reports: A Phenomenologically Grounded Protocol
W7111365235,10.6084/m9.figshare.c.8191639.v1,2025,Figshare,S5 introspective,"I want to talk about climate change, but I wish I didn’t have to: A descriptive qualitative study of an intervention combining creative arts and philosophical inquiry to help elementary school students cope with climate change emotions"
W7111131839,10.6084/m9.figshare.c.8191639,2025,Figshare,S5 introspective,"I want to talk about climate change, but I wish I didn’t have to: A descriptive qualitative study of an intervention combining creative arts and philosophical inquiry to help elementary school students cope with climate change emotions"
W4389802948,,2023,PubMed,S5 introspective,
W7213495743,10.5281/zenodo.22808917,2026,Zenodo (CERN European Organization for Nuclear Research),S5 introspective,Eliciting and Validating AI Self-Reports: A Phenomenologically Grounded Protocol
W7171269724,,2026,Repository of the Academy's Library (Library of the Hungarian Academy of Sciences),S5 introspective,Tolmácsolás az Országos Idegenrendészeti Főigazgatóságon: terepkutatás = Interpreting Practices at the Hungarian National Directorate-General for Aliens Policing: A Field Study
W2926641111,10.18260/1-2--31420,2024,,S5 introspective,How to Use Flipped Advising to Promote First Year Success
W7210610103,,2017,Sycamore Scholars (Indiana State University),S5 introspective,"ISU Today- September 25, 2017"
W7127179276,10.17632/psdmryynyw.3,2026,Mendeley Data,S5 introspective,Psilocybin or Nicotine Patch for Smoking Cessation: A Pilot Randomized Clinical Trial
W7155717193,10.5281/zenodo.19802283,2026,Zenodo (CERN European Organization for Nuclear Research),S5 introspective,"Emergent Deception in Large Language Models: A Conceptual Framework, Taxonomy, and Pre-Registered Empirical Protocol"
W7114811617,10.5281/zenodo.17887725,2025,Zenodo (CERN European Organization for Nuclear Research),S5 introspective,The Universe as a Mirror of the Mind: A Falsifiable Model for Unifying Physics and Cognition via Discrete/Continuous Duality
W7114766129,10.5281/zenodo.17887724,2025,Zenodo (CERN European Organization for Nuclear Research),S5 introspective,The Universe as a Mirror of the Mind: A Falsifiable Model for Unifying Physics and Cognition via Discrete/Continuous Duality
W2542611797,,2016,Queen Margaret University eTheses Repository,S5 introspective,Framing occupational therapists’ knowledge and beliefs of alcohol misuse in physical health care settings
W7203614471,10.17605/osf.io/zq2yf,2026,,S5 introspective,Attractor Dynamics of Self-Description under Sustained Self-Referential Processing in Large Language Models
W7160615801,10.5281/zenodo.20083107,2026,Zenodo (CERN European Organization for Nuclear Research),S5 introspective,indigo-iam/iam: INDIGO Identity and Access Management v1.14.0
W25890986,,2003,,S5 introspective,PERAN CAMAT SEBAGAI PEJABAT PEMBUAT AKTA TANAH (PPAT)SEMENTARA DALAM PROSES PENDAFTARAN TANAHDI KABUPATEN KARANGANYAR
W7166709970,10.5281/zenodo.21074582,2026,Zenodo (CERN European Organization for Nuclear Research),S5 introspective,dfeen87/AILEE-Mitigating-Risk-and-Sustaining-Growth-Software: Passive Trading Alerts v4
W2916453478,,2018,Revista Aranzadi de derecho patrimonial/Revista de derecho patrimonial,S5 introspective,El impacto de internet en las publicaciones fotográficas protegidas por derechos de autor: visión constitucional e internacional-privatista en la era del «boom digital»
W7211885441,10.5281/zenodo.22650485,2026,Zenodo (CERN European Organization for Nuclear Research),S5 introspective,UNITARES: runtime governance for heterogeneous AI-agent fleets
W7160984721,10.5281/zenodo.20171960,2026,Zenodo (CERN European Organization for Nuclear Research),S5 introspective,lemonforest/mlehaptics: srmech-v0.1.0
W4230019300,10.1097/nhh.0000000000000011,2013,Home Healthcare Now,S5 introspective,Promoting Nursing Students' Understanding and Reflection on Cultural Awareness With Older Adults in Home Care
W4415225542,10.1097/ans.0000000000000602,2025,Advances in Nursing Science,S5 introspective,Enhance the Emotional Dimension of Caring
W2330610671,10.1097/00005373-199901000-00001,1999,,S5 introspective,The Thrill of Victory
W7104376661,10.17605/osf.io/urjwe,2025,Open Science Framework,S5 introspective,Building Bridges: The relationship between developmental attachment measures and the Epistemic Trust Mistrust and Credulity Questionnaire
W7159577079,10.5281/zenodo.19959727,2026,Zenodo (CERN European Organization for Nuclear Research),S5 introspective,"InsightSoftwareConsortium/ITK: ITK 5.4.6: Performance, Stability, and Security"
W7127560557,,2026,VTechWorks (Virginia Tech),S5 introspective,Beyond Treatment: Healing Spaces for Breast Cancer Human-Centered Design for Emotional and Physical Wellbeing
W7154721278,10.4103/ijoth.ijoth_24_26,2025,The Indian Journal of Occupational Therapy,S5 introspective,Service Gaps in Occupational Therapy: Are We Creating Space for Role Substitution?
W2057093411,10.1067/mmt.2000.108814,2000,Journal of Manipulative and Physiological Therapeutics,S5 introspective,Residency programs at the Canadian Memorial Chiropractic College
W4405779087,10.4103/jpcs.jpcs_83_24,2024,Journal of the Practice of Cardiovascular Sciences,S5 introspective,The Fifth Annual Meeting of the Indian Society for Heart and Lung Transplantation
W7139993038,10.5281/zenodo.19152408,2026,Zenodo (CERN European Organization for Nuclear Research),S5 introspective,PelicanPlatform/pelican: v7.25.0-experimental.6
W7170655794,10.5281/zenodo.21538602,2026,Zenodo (CERN European Organization for Nuclear Research),S5 introspective,PelicanPlatform/pelican: v7.27.0-rc.0
W7213288696,10.5281/zenodo.22771962,2026,Zenodo (CERN European Organization for Nuclear Research),S5 introspective,PelicanPlatform/pelican: v26.0.0-rc.0
W4379142909,10.1097/gh9.0000000000000175,2023,International Journal of Surgery Global Health,S5 introspective,Psilocybin therapy: A novel approach to treating depression
W4238011427,10.7554/elife.01465.010,2013,,S5 introspective,Decision letter: Local GABA concentration is related to network-level resting functional connectivity
W2065601211,10.4103/0971-9784.37919,2007,Annals of Cardiac Anaesthesia,S5 introspective,IT empowered anaesthesiologist
W4413415037,10.1093/oxfordhb/9780197618646.002.0005,2025,,S5 introspective,Foreword The Politics of Land
W4307028725,10.5325/gestaltreview.26.2.0229,2022,Gestalt Review,S5 introspective,Supporting Human Dignity in a Collapsing Field: Gestalt Approach in the Social and Political Contexts
W4253032800,10.1108/978-1-78743-405-920191017,2019,,S5 introspective,Index
W2169901455,10.1109/robot.2007.363961,2007,Proceedings - IEEE International Conference on Robotics and Automation/Proceedings,anchor Censi 2007; B cited by CELLO-3D 2019; B cited by Brossard 2020; B cited by X-ICP 2024; B cited by CorAl 2022; B cited by Iversen 2017,An accurate closed-form estimate of ICP's covariance
W2012502415,10.1177/0278364912460895,2012,The International Journal of Robotics Research,F cites Censi 2007; B cited by CorAl 2022,Fast and accurate scan registration through minimization of the distance between compact 3D NDT representations
W3016217770,10.1109/access.2020.2986470,2020,IEEE Access,F cites Censi 2007,Evaluation of the ICP Algorithm in 3D Point Cloud Registration
W1965851203,10.1016/j.jvcir.2013.02.008,2013,Journal of Visual Communication and Image Representation,F cites Censi 2007,Multi-resolution surfel maps for efficient dense 3D modeling and tracking
W2608018532,10.1109/lra.2017.2699790,2017,IEEE Robotics and Automation Letters,F cites Censi 2007,Autonomous Navigation and Mapping for Inspection of Penstocks and Tunnels With MAVs
W2518401284,10.1109/tro.2016.2596771,2016,IEEE Transactions on Robotics,F cites Censi 2007,Motion-Based Calibration of Multimodal Sensor Extrinsics and Timing Offset Estimation
W2564361441,10.1109/ssrr.2016.7784298,2016,,F cites Censi 2007; B cited by CELLO-3D 2019; B cited by Brossard 2020,ICP-based pose-graph SLAM
W4388983935,10.1109/tro.2023.3335691,2023,IEEE Transactions on Robotics,F cites Censi 2007; F cites Zhang 2016; F cites Brossard 2020; anchor X-ICP 2024,X-ICP: Localizability-Aware LiDAR Registration for Robust Localization in Extreme Environments
W3171246200,10.1109/tro.2021.3078287,2021,IEEE Transactions on Robotics,F cites Censi 2007; F cites Zhang 2016; F cites Brossard 2020; B cited by X-ICP 2024; F cites OverlapNet 2020,Robust Odometry and Mapping for Multi-LiDAR Systems With Online Extrinsic Calibration
W2062525513,10.1109/tro.2012.2226380,2013,IEEE Transactions on Robotics,F cites Censi 2007,Simultaneous Calibration of Odometry and Sensor Parameters for Mobile Robots
W2742107142,10.1109/ivs.2017.7995900,2017,,F cites Censi 2007,Robust localization using 3D NDT scan matching with experimentally determined uncertainty and road marker matching
W2969022059,10.1109/icra.2019.8794167,2019,,F cites Censi 2007; F cites Zhang 2016; B cited by X-ICP 2024,Estimating the Localizability in Tunnel-like Environments using LiDAR and UWB
W3035952341,10.1061/(asce)cp.1943-5487.0000915,2020,Journal of Computing in Civil Engineering,F cites Censi 2007,Automated Defect Quantification in Concrete Bridges Using Robotics and Deep Learning
W12428211,10.1007/978-3-319-07488-7_9,2014,Springer tracts in advanced robotics,F cites Censi 2007,Inspection of Penstocks and Featureless Tunnel-like Environments Using Micro UAVs
W2999751264,10.1109/lra.2020.2965391,2020,IEEE Robotics and Automation Letters,F cites Censi 2007; anchor Brossard 2020; B cited by X-ICP 2024; F cites Iversen 2017,A New Approach to 3D ICP Covariance Estimation
W1986172167,10.1109/mfi.2012.6343050,2012,,F cites Censi 2007,Integrating depth and color cues for dense multi-resolution scene mapping using RGB-D cameras
W4312985079,10.1109/tro.2022.3221302,2022,IEEE Transactions on Robotics,F cites Censi 2007; B cited by TBV 2023; F cites CorAl 2022,"Lidar-Level Localization With Radar? The CFEAR Approach to Accurate, Fast, and Robust Large-Scale Radar Odometry in Diverse Environments"
W3040033506,10.3390/robotics9030051,2020,IRIS Research product catalog (Sapienza University of Rome),F cites Censi 2007,Least squares optimization: From theory to practice
W2963653121,10.1109/jsyst.2019.2927042,2019,IEEE Systems Journal,F cites Censi 2007,A Multilevel Fusion System for Multirobot 3-D Mapping Using Heterogeneous Sensors
W4405521076,10.1109/jiot.2024.3519533,2024,IEEE Internet of Things Journal,F cites Censi 2007; F cites Zhang 2016,Adaptive-LIO: Enhancing Robustness and Precision Through Environmental Adaptation in LiDAR Inertial Odometry
W4402350442,10.1109/lra.2024.3456509,2024,IEEE Robotics and Automation Letters,F cites Censi 2007,MAD-ICP: It is All About Matching Data – Robust and Informed LiDAR Odometry
W1999210160,10.1109/ipin.2010.5646820,2010,,F cites Censi 2007,Indoor localization and visualization using a human-operated backpack system
W1978791302,10.1007/s10514-013-9345-0,2013,Autonomous Robots,F cites Censi 2007,Scan matching SLAM in underwater environments
W2046918204,10.1109/icra.2014.6906915,2014,,F cites Censi 2007,Multi-robot pose graph localization and data association from unknown initial relative poses via expectation maximization
W2083946184,10.1109/tim.2013.2265476,2013,IEEE Transactions on Instrumentation and Measurement,F cites Censi 2007,Camera/Laser/GPS Fusion Method for Vehicle Positioning Under Extended NIS-Based Sensor Validation
W2060977605,10.1109/iros.2010.5649246,2010,,F cites Censi 2007,EKF-SLAM for AUV navigation under probabilistic sonar scan-matching
W2137837705,10.1109/robot.2007.364120,2007,Proceedings - IEEE International Conference on Robotics and Automation/Proceedings,F cites Censi 2007; B cited by Censi 2007; B cited by Zhang 2016,On achievable accuracy for range-finder localization
W1504310440,10.1002/rob.20315,2009,Journal of Field Robotics,F cites Censi 2007,Error modeling and calibration of exteroceptive sensors for accurate mapping applications
W2743032842,10.1007/s10514-017-9662-9,2017,Autonomous Robots,F cites Censi 2007,Autonomous robotic exploration using a utility function based on Rényi’s general theory of entropy
W1916032989,10.1002/rob.21543,2014,Journal of Field Robotics,F cites Censi 2007,Automatic Calibration of Spinning Actuated Lidar Internal Parameters
W2890955732,10.1109/icra.2018.8461047,2018,,F cites Censi 2007; B cited by CELLO-3D 2019,Deep Inference for Covariance Estimation: Learning Gaussian Noise Models for State Estimation
W2315928207,10.1109/tmech.2016.2533635,2016,IEEE/ASME Transactions on Mechatronics,F cites Censi 2007,Lane-Level Localization Using an AVM Camera for an Automated Driving Vehicle in Urban Environments
W2899777419,10.1016/j.robot.2018.11.003,2018,Robotics and Autonomous Systems,F cites Censi 2007,A pose graph-based localization system for long-term navigation in CAD floor plans
W2141778145,10.1109/robot.2008.4543516,2008,,F cites Censi 2007,Simultaneous maximum-likelihood calibration of odometry and sensor parameters
W3205084628,10.1109/icra48506.2021.9561262,2021,,F cites Censi 2007; F cites Zhang 2016,Greedy-Based Feature Selection for Efficient LiDAR SLAM
W1601609822,10.1109/mva.2015.7153246,2015,,F cites Censi 2007; B cited by CELLO-3D 2019; B cited by Brossard 2020; B cited by CorAl 2022; B cited by Iversen 2017,A closed-form estimate of 3D ICP covariance
W2567520225,10.1109/iros.2016.7759664,2016,,F cites Censi 2007,Exploiting building information from publicly available maps in graph-based SLAM
W2892582983,10.1109/tits.2018.2868377,2018,IEEE Transactions on Intelligent Transportation Systems,F cites Censi 2007,A Localizability Constraint-Based Path Planning Method for Autonomous Vehicles
W2990048493,10.3390/rs11232827,2019,Remote Sensing,F cites Censi 2007; F cites Iversen 2017,Active SLAM for Autonomous Underwater Exploration
W2888880178,10.1109/jsen.2018.2867854,2018,IEEE Sensors Journal,F cites Censi 2007,Hierarchical Probabilistic Fusion Framework for Matching and Merging of 3-D Occupancy Maps
W2084585296,10.1109/robot.2010.5509809,2010,,F cites Censi 2007,RANSAC matching: Simultaneous registration and segmentation
W2293984849,10.15607/rss.2010.vi.013,2010,,F cites Censi 2007,Consistent data association in multi-robot systems with limited communications
W3128687392,10.1002/rob.22004,2021,Journal of Field Robotics,F cites Censi 2007,"Consistent decentralized cooperative localization for autonomous vehicles using LiDAR, GNSS, and HD maps"
W3176325883,10.1109/lra.2021.3137503,2021,IEEE Robotics and Automation Letters,F cites Censi 2007; F cites CELLO-3D 2019; F cites Brossard 2020; F cites Iversen 2017,Stein ICP for Uncertainty Estimation in Point Cloud Matching
W2062984148,10.1109/tro.2013.2273843,2013,IEEE Transactions on Robotics,F cites Censi 2007,Distributed Data Association in Robotic Networks With Cameras and Limited Communications
W2897459191,10.1109/ivs.2018.8500625,2018,,F cites Censi 2007; B cited by CorAl 2022,Reliability Estimation of Vehicle Localization Result
W3013131042,10.1109/lra.2020.2988180,2020,IEEE Robotics and Automation Letters,F cites Censi 2007; F cites Iversen 2017,PointNetKL: Deep Inference for GICP Covariance Estimation in Bathymetric SLAM
W2888874480,10.1080/01691864.2018.1509726,2018,Advanced Robotics,F cites Censi 2007,Simultaneous pose and reliability estimation using convolutional neural network and Rao–Blackwellized particle filter
W3005655766,10.1007/s10514-020-09906-z,2020,Autonomous Robots,F cites Censi 2007,GP-SLAM: laser-based SLAM approach based on regionalized Gaussian process map reconstruction
W2103453923,10.1109/iros.2012.6385597,2012,,F cites Censi 2007,Accurate 3D maps from depth images and motion sensors via nonlinear Kalman filtering
W4223948219,10.1109/lra.2022.3162644,2022,IEEE Robotics and Automation Letters,F cites Censi 2007; F cites Brossard 2020,A Credible and Robust Approach to Ego-Motion Estimation Using an Automotive Radar
W2756582548,10.1016/j.robot.2017.09.007,2017,Robotics and Autonomous Systems,F cites Censi 2007,Automatic graph based spatiotemporal extrinsic calibration of multiple Kinect V2 ToF cameras
W3175829913,10.1002/rob.22031,2021,Journal of Field Robotics,F cites Censi 2007; F cites Zhang 2016,LiDAR‐based robust localization for field autonomous vehicles in off‐road environments
W3097712187,10.1109/tcyb.2020.3027307,2020,IEEE Transactions on Cybernetics,F cites Censi 2007,Loop-Box: Multiagent Direct SLAM Triggered by Single Loop Closure for Large-Scale Mapping
W4229444507,10.1016/j.robot.2022.104136,2022,Robotics and Autonomous Systems,F cites Censi 2007; B cited by TBV 2023; anchor CorAl 2022,CorAl: Introspection for robust radar and lidar perception in diverse environments using differential entropy
W4312735607,10.1109/tim.2022.3231326,2022,IEEE Transactions on Instrumentation and Measurement,F cites Censi 2007; F cites Zhang 2016,Dense Normal Based Degeneration-Aware 2-D Lidar Odometry for Correlative Scan Matching
W2775524366,10.33012/2017.15165,2017,Proceedings of the Satellite Division's International Technical Meeting (Online)/Proceedings of the Satellite Division's International Technical Meeting (CD-ROM),F cites Censi 2007,Covariance Estimation for GPS-LiDar Sensor Fusion for UAVs
W4390190981,10.1109/iccvw60793.2023.00222,2023,,F cites Censi 2007,SpyroPose: SE(3) Pyramids for Object Pose Distribution Estimation
W2973962935,10.1109/itsc.2019.8917129,2019,,F cites Censi 2007,Unstructured Road SLAM using Map Predictive Road Tracking
W4389310694,10.1002/rob.22272,2023,Journal of Field Robotics,F cites Censi 2007,Underwater Pose SLAM using GMM scan matching for a mechanical profiling sonar
W4392172810,10.1109/tim.2024.3365168,2024,IEEE Transactions on Instrumentation and Measurement,F cites Censi 2007,Adaptive Denoising-Enhanced LiDAR Odometry for Degeneration Resilience in Diverse Terrains
W4391109832,10.1007/s00371-023-03195-0,2024,The Visual Computer,F cites Censi 2007,An improved iterative closest point algorithm based on the particle filter and K-means clustering for fine model matching
W4410986253,10.1109/tfr.2025.3576053,2025,IEEE transactions on field robotics.,F cites Censi 2007; F cites Zhang 2016; F cites Brossard 2020; F cites X-ICP 2024,"Informed, Constrained, Aligned: A Field Analysis on Degeneracy-Aware Point Cloud Registration in the Wild"
W4399213625,10.33012/navi.647,2024,NAVIGATION Journal of the Institute of Navigation,F cites Censi 2007; F cites Brossard 2020,ICET Online Accuracy Characterization for Geometry-Based Laser Scan Matching
W4413925245,10.1109/icra55743.2025.11127720,2025,,F cites Censi 2007; F cites Zhang 2016; F cites Brossard 2020; F cites X-ICP 2024,SuperLoc: The Key to Robust Lidar-Inertial Localization Lies in Predicting Alignment Risks Superodometry.Com/SuperLoc
W2021506636,10.1109/robot.2010.5509366,2010,,F cites Censi 2007,Maximum likelihood mapping with spectral image registration
W2135916547,10.1109/robot.2010.5509371,2010,,F cites Censi 2007,A generalization of the metric-based Iterative Closest Point technique for 3D scan matching
W1994959326,10.1109/iros.2012.6385677,2012,,F cites Censi 2007,Laser-only road-vehicle localization with dual 2D push-broom LIDARS and 3D priors
W2565685812,10.1109/itsc.2016.7795698,2016,,F cites Censi 2007,Autonomous multi-story navigation for valet parking
W1978930763,10.3390/s120607855,2012,Sensors,F cites Censi 2007,The UspIC: Performing Scan Matching Localization Using an Imaging Sonar
W2767178917,10.1109/iros.2017.8206335,2017,,F cites Censi 2007; B cited by CELLO-3D 2019; B cited by Brossard 2020; anchor Iversen 2017,Prediction of ICP pose uncertainties using Monte Carlo simulation with synthetic depth images
W2185089559,10.1609/aaai.v26i1.8388,2021,Proceedings of the AAAI Conference on Artificial Intelligence,F cites Censi 2007,Model Learning and Real-Time Tracking Using Multi-Resolution Surfel Maps
W1758624203,10.1002/rob.21441,2012,Journal of Field Robotics,F cites Censi 2007,Real time egomotion of a nonholonomic vehicle using LIDAR measurements
W2744953493,10.1016/j.ifacol.2017.08.061,2017,IFAC-PapersOnLine,F cites Censi 2007,Three examples of the stability properties of the invariant extended Kalman filter
W2049135383,10.1109/ssrr.2013.6719373,2013,,F cites Censi 2007,Multi-resolution surfel mapping and real-time pose tracking using a continuously rotating 2D laser scanner
W2884371529,10.1007/s10514-018-9770-1,2018,Autonomous Robots,F cites Censi 2007,STEAP: simultaneous trajectory estimation and planning
W2201290997,10.1109/iccv.2015.255,2015,,F cites Censi 2007,You are Here: Mimicking the Human Thinking Process in Reading Floor-Plans
W2101230708,10.1017/s0263574714000940,2014,Robotica,F cites Censi 2007,Active global localization based on localizability for mobile robots
W2042012466,10.1109/iros.2013.6696609,2013,,F cites Censi 2007; B cited by CELLO-3D 2019,CELLO-EM: Adaptive sensor models without ground truth
W2946246968,10.1002/navi.307,2019,NAVIGATION Journal of the Institute of Navigation,F cites Censi 2007,Adaptive covariance estimation of LiDAR‐based positioning errors for UAVs
W2095437113,10.1117/12.916639,2012,"Proceedings of SPIE, the International Society for Optical Engineering/Proceedings of SPIE",F cites Censi 2007,Automatic loop closure detection using multiple cameras for 3D indoor localization
W1157730364,10.1016/j.robot.2015.07.021,2015,Robotics and Autonomous Systems,F cites Censi 2007,Registration of non-uniform density 3D laser scans for mapping with micro aerial vehicles
W2793630860,10.1109/icra.2018.8460658,2018,,F cites Censi 2007,Self-Calibration of Mobile Manipulator Kinematic and Sensor Extrinsic Parameters Through Contact-Based Interaction
W2142075561,10.6092/joser_2014_05_01_p48,2014,Aisberg (University of Bergamo),F cites Censi 2007,On the Development of a Generic Multi-Sensor Fusion Framework for Robust Odometry Estimation
W3103087064,10.3390/en13225939,2020,Energies,F cites Censi 2007; F cites Brossard 2020; F cites Iversen 2017,Testing the Accuracy of the Modified ICP Algorithm with Multimodal Weighting Factors
W4238916604,10.7551/mitpress/9123.003.0017,2011,The MIT Press eBooks,F cites Censi 2007,Consistent Data Association in Multi-robot Systems with Limited Communications
W3132600665,10.1109/iros45743.2020.9341264,2020,,F cites Censi 2007; F cites Brossard 2020,Versatile 3D Multi-Sensor Fusion for Lightweight 2D Localization
W4327808385,10.33012/navi.562,2023,NAVIGATION Journal of the Institute of Navigation,F cites Censi 2007; F cites Brossard 2020,Accurate Covariance Estimation for Pose Data From Iterative Closest Point Algorithm
W2289789856,10.1109/cdc.2015.7402522,2015,,F cites Censi 2007,Invariant filtering for Pose EKF-SLAM aided by an IMU
W2415159553,10.1109/icra.2016.7487631,2016,,F cites Censi 2007,Unsupervised calibration of wheeled mobile platforms
W2982534372,10.1109/tnnls.2021.3086757,2021,IEEE Transactions on Neural Networks and Learning Systems,F cites Censi 2007,Multivariate Uncertainty in Deep Learning
W4285047694,10.1109/icra46639.2022.9811899,2022,2022 International Conference on Robotics and Automation (ICRA),F cites Censi 2007; F cites Brossard 2020; B cited by X-ICP 2024; F cites Iversen 2017,Deep Bayesian ICP Covariance Estimation
W2410520351,10.1109/icra.2016.7487681,2016,,F cites Censi 2007,Localization accuracy estimation with application to perception design
W2773391512,10.1109/iros.2017.8206117,2017,,F cites Censi 2007,Efficient path planning in belief space for safe navigation
W2787197340,10.1109/ascc.2017.8287632,2017,,F cites Censi 2007,Avoidance of singular localization environment using model predictive control for mobile robots
W4389665684,10.1109/iros55552.2023.10341455,2023,,F cites Censi 2007; F cites Zhang 2016; F cites Brossard 2020; F cites X-ICP 2024; F cites Iversen 2017,Principled ICP Covariance Modelling in Perceptually Degraded Environments for the EELS Mission Concept
W2998667477,10.1016/j.robot.2022.104262,2022,Robotics and Autonomous Systems,F cites Censi 2007,A generalized framework for autonomous calibration of wheeled mobile robots
W4386617972,10.1007/s11370-023-00482-6,2023,Intelligent Service Robotics,F cites Censi 2007; F cites Zhang 2016,Lmapping: tightly-coupled LiDAR-inertial odometry and mapping for degraded environments
W4385430565,10.15607/rss.2023.xix.077,2023,,F cites Censi 2007; F cites Iversen 2017,CHSEL: Producing Diverse Plausible Pose Estimates from Contact and Free Space Data
W4403485225,10.3390/jmse12101859,2024,Journal of Marine Science and Engineering,F cites Censi 2007,Graph Matching for Underwater Simultaneous Localization and Mapping Using Multibeam Sonar Imaging
W4396542406,10.1109/jsen.2024.3393851,2024,IEEE Sensors Journal,F cites Censi 2007,Object Reconstruction and Localization in Indoor Environments Using Infrastructure Sensor Node
W4405646825,10.1080/01691864.2024.2441249,2024,Advanced Robotics,F cites Censi 2007,Localizability based path planning on occupancy grid maps
W4411799561,10.1109/tro.2025.3584544,2025,IEEE Transactions on Robotics,F cites Censi 2007,Event-Based Visual-Inertial State Estimation for High-Speed Maneuvers
W2015864876,10.1109/oceanssyd.2010.5603650,2010,OCEANS'10 IEEE SYDNEY,F cites Censi 2007,Probabilistic sonar scan matching SLAM for underwater environment
W2000343438,10.1109/ascc.2013.6606361,2013,,F cites Censi 2007,Combined RGBD-inertial based state estimation for MAV in GPS-denied indoor environments
W1987234359,10.1016/j.engappai.2014.03.001,2014,Engineering Applications of Artificial Intelligence,F cites Censi 2007,3D semantic interpretation for robot perception inside office environments
W2736160108,10.23919/acc.2017.7963703,2017,,F cites Censi 2007; B cited by CELLO-3D 2019; B cited by Brossard 2020,Towards realistic covariance estimation of ICP-based Kinect V1 scan matching: The 1D case
W2032347636,10.1109/amc.2010.5463992,2010,,F cites Censi 2007,Incremental closed-form solution to globally consistent 2D range scan mapping with two-step pose estimation
W2619147778,10.1007/978-3-319-60916-4_25,2017,Springer proceedings in advanced robotics,F cites Censi 2007,Relative Topometric Localization in Globally Inconsistent Maps
W2793954606,10.1109/intellisys.2017.8324256,2017,2017 Intelligent Systems Conference (IntelliSys),F cites Censi 2007,A novel approach to register sonar data for underwater robot localization
W2212012417,10.1109/iros.2015.7353798,2015,,F cites Censi 2007,Parametric covariance prediction for heteroscedastic noise
W2170686019,10.5772/60407,2015,International Journal of Advanced Robotic Systems,F cites Censi 2007,Indoor Slope and Edge Detection by Using Two-Dimensional EKF-SLAM with Orthogonal Assumption
W2889794907,10.23919/icif.2018.8455670,2018,,F cites Censi 2007,Probabilistic Fusion Framework for Collaborative Robots 3D Mapping
W3130549426,10.1109/tits.2021.3058054,2021,IEEE Transactions on Intelligent Transportation Systems,F cites Censi 2007; F cites Iversen 2017,Scene-Aware Error Modeling of LiDAR/Visual Odometry for Fusion-Based Vehicle Localization
W2777742657,,2017,Illinois Digital Environment for Access to Learning and Scholarship (University of Illinois at Urbana-Champaign),F cites Censi 2007,GPS-LiDAR sensor fusion aided by 3D city models for UAVs
W2801418892,10.1007/s10514-018-9763-0,2018,Autonomous Robots,F cites Censi 2007; B cited by Brossard 2020,Windowed multiscan optimization using weighted least squares for improving localization accuracy of mobile robots
W3087829522,10.1145/3386569.3392402,2020,ACM Transactions on Graphics,F cites Censi 2007; F cites Iversen 2017,Uncertainty quantification for multi-scan registration
W4311392022,10.3390/app122412826,2022,Applied Sciences,F cites Censi 2007,Automatic Correction of an Automated Guided Vehicle’s Course Using Measurements from a Laser Rangefinder
W4391019594,10.1109/tcst.2023.3348749,2024,IEEE Transactions on Control Systems Technology,F cites Censi 2007,Improved Accuracy and Contact Stability in Robotic Contouring With Simultaneous Registration and Machining
W2278462819,10.1007/978-3-319-23778-7_22,2015,Springer tracts in advanced robotics,F cites Censi 2007,An Experimental Study of Robust Distributed Multi-robot Data Association from Arbitrary Poses
W4312346369,10.1109/iros47612.2022.9982152,2022,2022 IEEE/RSJ International Conference on Intelligent Robots and Systems (IROS),F cites Censi 2007,LiDAR-Aided Visual-Inertial Localization with Semantic Maps
W4399731685,10.3390/s24123927,2024,Sensors,F cites Censi 2007; F cites Zhang 2016; F cites Brossard 2020,Single-Line LiDAR Localization via Contribution Sampling and Map Update Technology
W4396783611,10.1109/lsp.2024.3398532,2024,IEEE Signal Processing Letters,F cites Censi 2007; F cites Brossard 2020; F cites Iversen 2017,Learning Minimal Volume Uncertainty Ellipsoids
W4414433216,10.1109/case58245.2025.11163897,2025,,F cites Censi 2007; F cites Brossard 2020,Improving LiDAR Odometry with Hausdorff Distance-Based Variance Estimation
W2070314049,10.1108/01439911211217062,2012,Industrial Robot the international journal of robotics research and application,F cites Censi 2007,Laser scan matching for self‐localization of a walking robot in man‐made environments
W2970172820,10.1109/ivs.2019.8813880,2019,,F cites Censi 2007,Pose and covariance matrix propagation issues in cooperative localization with LiDAR perception
W2008557445,10.1016/j.robot.2009.07.022,2009,Robotics and Autonomous Systems,F cites Censi 2007,Metric-topological maps from laser scans adjusted with incremental tree network optimizer
W2161313337,10.1016/j.robot.2011.09.001,2011,Robotics and Autonomous Systems,F cites Censi 2007,Inferring laser-scan matching uncertainty with conditional random fields
W2096878151,10.1109/robot.2008.4543178,2008,,F cites Censi 2007,Orthogonal wall correction for visual motion estimation
W1973617039,10.2514/6.2013-4810,2013,,F cites Censi 2007,Robust Motion Estimation with RBG-D Cameras
W2354819904,10.1109/acc.2016.7526532,2016,,F cites Censi 2007; B cited by CELLO-3D 2019,On the covariance of ICP-based scan-matching techniques
W2962742274,10.1109/cyber.2018.8688177,2018,,F cites Censi 2007,PCR-Pro: 3D Sparse and Different Scale Point Clouds Registration and Robust Estimation of Information Matrix for Pose Graph SLAM
W2137427265,10.1109/iciea.2009.5138705,2009,,F cites Censi 2007,Point-to-line metric based Iterative Closest Point with bounded scale
W2901991803,10.1109/iros.2018.8594121,2018,,F cites Censi 2007; F cites Iversen 2017,Optimizing Sensor Placement: A Mixture Model Framework Using Stable Poses and Sparsely Precomputed Pose Uncertainty Predictions
W4210308049,10.1049/ccs2.12040,2022,Cognitive Computation and Systems,F cites Censi 2007,An improved Monte Carlo localization using optimized iterative closest point for mobile robots
W4283760837,10.1177/02783649221101417,2022,The International Journal of Robotics Research,F cites Censi 2007; F cites Brossard 2020; F cites Iversen 2017,Bayesian iterative closest point for mobile robot localization
W3130287004,10.1109/iros45743.2020.9340867,2020,,F cites Censi 2007,Experience-Based Prediction of Unknown Environments for Enhanced Belief Space Planning
W4226363413,10.1109/tcyb.2022.3168938,2022,IEEE Transactions on Cybernetics,F cites Censi 2007,Generalized n-Dimensional Rigid Registration: Theory and Applications
W4364304248,10.1109/raai56146.2022.10093002,2022,,F cites Censi 2007,A Kalman-Particle Hybrid Filter For Improved Localization of AGV In Indoor Environment
W4394995446,10.1109/ssrr59696.2023.10499935,2023,,F cites Censi 2007; F cites Brossard 2020,Absolute Localization in Feature-Poor Industrial Confined Spaces
W3013258475,10.1109/rcar47638.2019.9044034,2019,,F cites Censi 2007,An Improved ORB-SLAM2 With Refined Depth Estimation
W4283452670,10.1177/02783649221101418,2022,The International Journal of Robotics Research,F cites Censi 2007,On-manifold probabilistic Iterative Closest Point: Application to underwater karst exploration
W4383109233,10.1109/icra48891.2023.10160445,2023,,F cites Censi 2007,A Framework for Simultaneous Workpiece Registration in Robotic Machining Applications
W2602331221,10.1109/siprocess.2016.7888334,2016,,F cites Censi 2007,Object tracking and state estimation in outdoor scenes based on 3D laser scanner
W4386745321,10.1186/s40648-023-00256-w,2023,ROBOMECH Journal,F cites Censi 2007,Localizability estimation using correlation on occupancy grid maps
W4395029557,10.23919/siceiscs60954.2024.10505755,2024,,F cites Censi 2007,Localization Fault Detection Method using 2D LiDAR and Fisheye Camera for an Autonomous Mobile Robot Control
W4403249810,10.1016/j.procir.2024.08.365,2024,Procedia CIRP,F cites Censi 2007,Metrological integration and automation of surface topography measuring instruments on cobots
W4411270197,10.1109/access.2025.3579363,2025,IEEE Access,F cites Censi 2007,ICP Enhancement Algorithm for 6D Pose Tracking of Household Objects
W4415003007,10.1109/lra.2025.3619836,2025,IEEE Robotics and Automation Letters,F cites Censi 2007; F cites Brossard 2020; F cites X-ICP 2024,SVN-ICP: Uncertainty Estimation of ICP-Based LiDAR Odometry Using Stein Variational Newton
W7123360335,10.1109/tpami.2026.3652316,2026,IEEE Transactions on Pattern Analysis and Machine Intelligence,F cites Censi 2007,OIF-PCR++: Point Cloud Registration via Progressive Distillation of Conditional Positional Encoding
W2533262511,10.1117/12.2247006,2016,"Proceedings of SPIE, the International Society for Optical Engineering/Proceedings of SPIE",F cites Censi 2007,3D indoor modeling using a hand-held embedded system with multiple laser range scanners
W4383097405,10.1109/icra48891.2023.10160697,2023,,F cites Censi 2007,GMM Registration: a Probabilistic scan matching approach for sonar-based AUV navigation
W4387088392,10.1109/ecmr59166.2023.10256356,2023,,F cites Censi 2007,Teach and Repeat and Wheel Calibration for LiDAR-Equipped Omnidirectional Drive Robots
W1588018809,10.23919/ecc.2013.6669608,2013,,F cites Censi 2007,Distributed map merging with consensus on common information
W1988899750,10.1109/robio.2014.7090717,2014,,F cites Censi 2007,A novel fusion method for robot indoor environment mapping
W1991500602,10.1117/12.2015955,2013,"Proceedings of SPIE, the International Society for Optical Engineering/Proceedings of SPIE",F cites Censi 2007,Robot mapping in large-scale mixed indoor and outdoor environments
W1993168154,10.1109/ecmr.2015.7324182,2015,,F cites Censi 2007,Approximate surface reconstruction and registration for RGB-D SLAM
W2406894723,10.1007/978-3-319-08338-4_104,2015,Advances in intelligent systems and computing,F cites Censi 2007,Development of Mobile Robots Using Off-the-Shelf Open-Source Hardware and Software Components for Motion and Pose Tracking
W3128630608,10.1007/978-3-030-71151-1_34,2021,Springer proceedings in advanced robotics,F cites Censi 2007; F cites Zhang 2016,LION: Lidar-Inertial Observability-Aware Navigator for Vision-Denied Environments
W3141265109,10.1109/isee51682.2021.9418728,2021,,F cites Censi 2007,Online Robust Sliding-Windowed LiDAR SLAM in Natural Environments
W2123782779,10.1080/0952813x.2014.924576,2014,Journal of Experimental & Theoretical Artificial Intelligence,F cites Censi 2007,"ICE matching, robust and fast feature-based scan matching for an online operation"
W2228459732,10.1007/978-3-319-20904-3_28,2015,Lecture notes in computer science,F cites Censi 2007; B cited by Iversen 2017,Shape Dependency of ICP Pose Uncertainties in the Context of Pose Estimation Systems
W2980733065,10.1109/aim.2019.8868466,2019,,F cites Censi 2007,Robot Localisation in 3D Environments Using Sparse Range Measurements
W4390738530,10.1109/access.2024.3352906,2024,IEEE Access,F cites Censi 2007,Essential Error Analysis of Self-Localization From Map Structure in Urban Environment
W2908363480,10.1007/978-3-030-01370-7_71,2018,Advances in intelligent systems and computing,F cites Censi 2007,A Localizability Constraint-Based Path Planning Method for Unmanned Aerial Vehicle
W2894612187,10.1109/icra.2019.8793516,2019,,F cites Censi 2007; anchor CELLO-3D 2019; F cites Iversen 2017,CELLO-3D: Estimating the Covariance of ICP in the Real World
W3006716140,10.3390/robotics9030051,2020,Robotics,F cites Censi 2007,Least Squares Optimization: From Theory to Practice
W3016624477,10.1109/icra40945.2020.9197085,2020,,F cites Censi 2007; F cites Iversen 2017,Estimating Motion Uncertainty with Bayesian ICP
W2000969939,10.1002/rob.v27:1,2010,Journal of Field Robotics,F cites Censi 2007,
W3096556319,10.48550/arxiv.2010.14294,2020,arXiv (Cornell University),F cites Censi 2007; F cites Zhang 2016; F cites Brossard 2020,Robust Odometry and Mapping for Multi-LiDAR Systems with Online Extrinsic Calibration
W2225723228,,2014,LA Referencia (Red Federada de Repositorios Institucionales de Publicaciones Científicas),F cites Censi 2007,Sonar scan matching for simultaneous localization and mapping in confined underwater environments
W2998978941,10.48550/arxiv.2001.04286,2020,arXiv (Cornell University),F cites Censi 2007; F cites Brossard 2020,Nonparametric Continuous Sensor Registration
W2396572432,,2014,arXiv (Cornell University),F cites Censi 2007,"Observability, Covariance and Uncertainty of ICP Scan Matching."
W2990340368,10.1002/047134608x.w8322,2016,Wiley Encyclopedia of Electrical and Electronics Engineering,F cites Censi 2007,Simultaneous Localization and Mapping ( SLAM )
W1529454649,,2014,arXiv (Cornell University),F cites Censi 2007,On the covariance of scan-matching techniques for localization
W2255696880,,2013,DSpace@MIT (Massachusetts Institute of Technology),F cites Censi 2007,Predictive parameter estimation for Bayesian filtering
W3137486362,10.48550/arxiv.2103.13090,2021,arXiv (Cornell University),F cites Censi 2007,Greedy-Based Feature Selection for Efficient LiDAR SLAM
W2284402572,,2009,,F cites Censi 2007,Looking Inside for Mapping the Outside: Introspective Simultaneous Localization and Mapping
W2950807205,10.48550/arxiv.1205.3727,2012,HAL (Le Centre pour la Communication Scientifique Directe),F cites Censi 2007,Accurate 3D maps from depth images and motion sensors via nonlinear Kalman filtering
W3013419435,10.48550/arxiv.2003.13109,2020,arXiv (Cornell University),F cites Censi 2007; F cites Iversen 2017,Scene-Aware Error Modeling of LiDAR/Visual Odometry for Fusion-based Vehicle Localization
W4387641162,10.5821/dissertation-2117-94927,2013,,F cites Censi 2007,"Mapping, planning and exploration with Pose SLAM"
W1542690301,,2010,Chinese Control Conference,F cites Censi 2007,Fast 2D laser scan matching algorithm based on curve mass centre correspondence
W2103098797,10.1109/robot.2010.5509374,2010,,F cites Censi 2007,Inferring motion uncertainty from shape-Matching
W2462459321,10.1007/978-3-319-27702-8_17,2016,Springer tracts in advanced robotics,F cites Censi 2007,Learning a Context-Dependent Switching Strategy for Robust Visual Odometry
W249260099,10.21236/ada580839,2013,,F cites Censi 2007,(DCT-FY08) Target Detection Using Multiple Modality Airborne and Ground Based Sensors
W2494813199,10.1007/978-3-319-25886-7_2,2015,SpringerBriefs in computer science,F cites Censi 2007,Distributed Data Association
W2621054801,10.1007/978-3-658-18613-5_15,2017,,F cites Censi 2007,Perzeption für robuste Fahrzeuglokalisierung
W2664846334,10.1007/978-3-319-60603-3_2,2017,Springer tracts in advanced robotics,F cites Censi 2007,SLAM Front-End
W2715794240,10.1007/978-3-319-60603-3_3,2017,Springer tracts in advanced robotics,F cites Censi 2007,SLAM Back-End
W2781875377,10.1109/cac.2017.8242959,2017,,F cites Censi 2007,Fast and accurate 3D reconstruction using a moving depth camera and inertial sensor
W2977428143,10.32657/10220/47722,2019,,F cites Censi 2007,A framework of probabilistic 3D map fusion for collaborative robots
W2982133428,10.1109/iros40897.2019.8967569,2019,,F cites Censi 2007,Model Free Calibration of Wheeled Robots Using Gaussian Process
W3091136196,10.48550/arxiv.2009.13851,2020,arXiv (Cornell University),F cites Censi 2007,Loop-box: Multi-Agent Direct SLAM Triggered by Single Loop Closure for Large-Scale Mapping
W3093586603,10.33414/rtyc.37.134-145.2020,2020,Revista Tecnología y Ciencia,F cites Censi 2007,Estimación de la covarianza de ICP para la localización de un robot diferencial mediante odometrıa y escaneo láser
W3138231199,10.1155/2021/6675607,2021,Mathematical Problems in Engineering,F cites Censi 2007,A Closed-Form Solution for Estimating the Accuracy of Circular Feature’ Pose for Object 2D-3D Pose Estimation System
W4210966021,10.1007/978-981-15-8860-0_2,2020,Springer tracts in autonomous systems,F cites Censi 2007,Technical Background
W4240473984,10.1007/978-3-319-60603-3_6,2017,Springer tracts in advanced robotics,F cites Censi 2007,Conclusions
W4285219418,10.1007/978-981-19-1972-5_6,2022,Cognitive intelligence and robotics,F cites Censi 2007,Errors
W4380993773,10.48550/arxiv.2306.08690,2023,arXiv (Cornell University),F cites Censi 2007; F cites X-ICP 2024,ICET Online Accuracy Characterization for Geometry-Based Laser Scan Matching
W4387641894,10.5821/dissertation-2117-96287,2016,,F cites Censi 2007,3D mapping and path planning from range data
W4388868619,10.47749/t/unicamp.2021.1235302,2021,,F cites Censi 2007,Deep convolutional features for sparse and dense registration in RGB-D SLAM
W4389206100,10.22215/etd/2023-15848,2023,,F cites Censi 2007,Precision Robotic Machining: Modelling and Control Innovations for Improved Performance
W4391678123,10.1109/sii58957.2024.10417343,2024,,F cites Censi 2007,Robust Localization Approach Using Hybrid Correspondence NDT and Real-Time Uncertainty Estimation
W4403721790,10.1109/tiv.2024.3486087,2024,IEEE Transactions on Intelligent Vehicles,F cites Censi 2007,Offline Object Tracking With Joint Point Cloud Registration
W4408039857,10.3390/s25051462,2025,Sensors,F cites Censi 2007,Pose Estimation of Coil Workpieces by Automated Overhead Cranes Using an Improved Point Pair Features Algorithm
W4408757869,10.1007/978-981-96-3572-6_15,2025,Lecture notes in electrical engineering,F cites Censi 2007; F cites Brossard 2020; F cites Iversen 2017,Terrain Saliency Quantification Method Based on PointNetMLP for Active Bathymetric SLAM
W4411996390,10.1109/icacr62205.2024.11053745,2024,,F cites Censi 2007,Mobile Robot Localization Failure Detection
W4413925366,10.1109/icra55743.2025.11128007,2025,,F cites Censi 2007; F cites X-ICP 2024,Prepared for the Worst: Resilience Analysis of the ICP Algorithm via Learning-Based Worst-Case Adversarial Attacks
W4413925467,10.1109/icra55743.2025.11128659,2025,,F cites Censi 2007; F cites Iversen 2017,Leg Exoskeleton Odometry using a Limited FOV Depth Sensor
W4414433246,10.1109/case58245.2025.11163996,2025,,F cites Censi 2007,Accurate Pose Estimation Using Contact Manifold Sampling for Safe Peg-in-Hole Insertion of Complex Geometries
W4415707468,10.1109/lra.2025.3627118,2025,IEEE Robotics and Automation Letters,F cites Censi 2007,SPACE: 3D Spatial Co-Operation and Exploration Framework for Robust Mapping and Coverage With Multi-Robot Systems
W7110941558,10.1177/17298806251406790,2025,International Journal of Advanced Robotic Systems,F cites Censi 2007,Scan matching validation scheme based on the neural network using Gaussian model input to improve robustness of graph SLAM
W7117890383,10.1109/tim.2025.3650232,2026,IEEE Transactions on Instrumentation and Measurement,F cites Censi 2007,PLUE-SLAM: An RGB-D SLAM System Integrating Uncertainty Estimation of Point and Line Features
W7128711188,10.5302/j.icros.2026.25.0299,2026,Journal of Institute of Control Robotics and Systems,F cites Censi 2007,An Indoor Mobile Robot Pose Estimation Method Using Deep Learning Models for IMU Error Calibration and LiDAR Measurement Noise Covariance Tuning
W7148761958,10.70675/f146339cz04c1z4c1fz816azf3e5baef8284,2019,,F cites Censi 2007,Localisation coopérative de véhicules autonomes communicants
W7149588094,10.70675/b08bc41cz599cz4a93z8989z1881ea85e9d0,2020,,F cites Censi 2007; F cites Iversen 2017,"Deep learning, inertial measurements units, and odometry : some modern prototyping techniques for navigation based on multi-sensor fusion"
W7161675491,10.1109/tim.2026.3694768,2026,IEEE Transactions on Instrumentation and Measurement,F cites Censi 2007; F cites Zhang 2016,ADR-LIO: Adaptive Degradation-Resilient LiDAR-Inertial Odometry for Urban Environments
W7168828016,10.1109/med70602.2026.11598213,2026,,F cites Censi 2007,SVN-NDT: Extending Stein Variational Newton to Probabilistic LiDAR Registration for Surface Vehicle Localization
W7171244254,10.1177/02783649261463720,2026,The International Journal of Robotics Research,F cites Censi 2007; F cites Zhang 2016; F cites Brossard 2020; F cites X-ICP 2024,Screw-based feature constraint model and degeneracy analysis for robotic state estimation: Theory and experiments
W7204200849,10.1109/aim65483.2026.11658336,2026,,F cites Censi 2007; F cites Zhang 2016; F cites Iversen 2017,Covariance Estimation for 3D Generalized ICP via Laplace Approximation with the Hessian Matrix
W7207516114,10.3390/electronics15173970,2026,Electronics,F cites Censi 2007; F cites Zhang 2016; F cites X-ICP 2024; F cites OverlapNet 2020,Degeneracy-Aware Intensity-Assisted LiDAR–Inertial Odometry with Adaptive Photometric Weighting
W2119851068,10.1109/im.2001.924423,2002,,B cited by Censi 2007; B cited by CorAl 2022,Efficient variants of the ICP algorithm
W1567242735,10.1109/iros.2003.1249285,2004,,B cited by Censi 2007; B cited by CELLO-3D 2019; B cited by Brossard 2020; B cited by X-ICP 2024; B cited by CorAl 2022,The normal distributions transform: a new approach to laser scan matching
W1489258026,10.1023/a:1007957421070,1997,Journal of Intelligent & Robotic Systems,B cited by Censi 2007,Robot Pose Estimation in Unknown Environments by Matching 2D Range Scans
W1635475619,10.1109/cvpr.1994.323928,1994,,B cited by Censi 2007,Robot pose estimation in unknown environments by matching 2D range scans
W2143924340,10.1109/tro.2006.878961,2006,IEEE Transactions on Robotics,B cited by Censi 2007,Metric-based iterative closest point scan matching for sensor displacement estimation
W2157554397,10.1109/robot.2002.1014782,2003,,B cited by Censi 2007; B cited by Brossard 2020,Weighted range sensor matching algorithms for mobile robot displacement estimation
W2023259872,10.1016/s0921-8890(03)00008-3,2003,Robotics and Autonomous Systems,B cited by Censi 2007; B cited by CELLO-3D 2019; B cited by Brossard 2020; B cited by CorAl 2022; B cited by Iversen 2017,Robot localization based on scan-matching—estimating the covariance matrix for the IDC algorithm
W2105319067,10.1109/robot.2005.1570661,2006,,B cited by Censi 2007,Metric-Based Scan Matching Algorithms for Mobile Robot Displacement Estimation
W1509463039,10.1007/978-3-540-33453-8_15,2006,Springer tracts in advanced robotics,B cited by Censi 2007; B cited by CELLO-3D 2019,Scan-SLAM: Combining EKF-SLAM and Scan Correlation
W2146370447,,1996,,B cited by Censi 2007,Shape registration using optimization for mobile robot navigation
W1511095061,10.1023/a:1024488407740,2003,International Journal of Computer Vision,B cited by Censi 2007,Stochastic Approximation and Rate-Distortion Analysis for Robust Structure and Motion Estimation
W269302513,,2006,Chalmers Publication Library (Chalmers University of Technology),B cited by Censi 2007,Robust self-localization of mobile robots in dynamic environments using scan matching algorithms
W2912142928,10.31701/itsnt2018.09,2018,,F cites Censi 2007 (OpenCitations),Hybridisations Based on Visual Information for the Localisation of Self-Driving Cars
W2419212966,10.1109/icra.2016.7487211,2016,,anchor Zhang 2016; B cited by X-ICP 2024,On degeneracy of optimization-based state estimation problems
W2461937780,10.1109/tro.2016.2624754,2016,IEEE Transactions on Robotics,F cites Zhang 2016; B cited by X-ICP 2024; B cited by TBV 2023,"Past, Present, and Future of Simultaneous Localization and Mapping: Toward the Robust-Perception Age"
W3124420883,10.5167/uzh-138892,2016,Zurich Open Repository and Archive (University of Zurich),F cites Zhang 2016; B cited by X-ICP 2024; B cited by TBV 2023,"Past, present, and future of simultaneous localization and mapping: Toward the robust-perception age"
W3206845495,10.1109/icra48506.2021.9561996,2021,,F cites Zhang 2016,LVI-SAM: Tightly-coupled Lidar-Visual-Inertial Odometry via Smoothing and Mapping
W2888422218,10.1002/rob.21809,2018,Journal of Field Robotics,F cites Zhang 2016,Laser–visual–inertial odometry and mapping with high robustness and low drift
W3133767727,10.1109/lra.2021.3062815,2021,IEEE Robotics and Automation Letters,F cites Zhang 2016,BALM: Bundle Adjustment for Lidar Mapping
W4387682177,10.1109/tro.2023.3323938,2023,IEEE Transactions on Robotics,F cites Zhang 2016; B cited by X-ICP 2024,Present and Future of SLAM in Extreme Environments: The DARPA SubT Challenge
W4285506552,10.1109/lra.2022.3191204,2022,IEEE Robotics and Automation Letters,F cites Zhang 2016,LAMP 2.0: A Robust Multi-Robot SLAM System for Operation in Challenging Large-Scale Underground Environments
W4383109468,10.1109/icra48891.2023.10160508,2023,,F cites Zhang 2016,Direct LiDAR-Inertial Odometry: Lightweight LIO with Continuous-Time Motion Correction
W3098410961,10.1109/lra.2021.3056380,2021,IEEE Robotics and Automation Letters,F cites Zhang 2016,Unified Multi-Modal Landmark Tracking for Tightly Coupled Lidar-Visual-Inertial Odometry
W3092218351,10.1109/icuas48674.2020.9213865,2020,,F cites Zhang 2016; B cited by X-ICP 2024,Complementary Multi–Modal Sensor Fusion for Resilient Robot Pose Estimation in Subterranean Environments
W4391676180,10.1007/s11370-024-00515-8,2024,Intelligent Service Robotics,F cites Zhang 2016,LiDAR odometry survey: recent advancements and remaining challenges
W4225669925,10.55417/fr.2022011,2022,Field Robotics,F cites Zhang 2016,CERBERUS: Autonomous Legged and Aerial Robotic Exploration in the Tunnel and Urban Circuits of the DARPA Subterranean Challenge
W4229445880,10.1109/tro.2022.3174476,2022,IEEE Transactions on Robotics,F cites Zhang 2016,Observability-Aware Intrinsic and Extrinsic Calibration of LiDAR-IMU Systems
W4400228262,10.1109/tro.2024.3422055,2024,IEEE Transactions on Robotics,F cites Zhang 2016,PIN-SLAM: LiDAR SLAM Using a Point-Based Implicit Neural Representation for Achieving Global Map Consistency
W4285200012,10.1109/tim.2022.3190060,2022,IEEE Transactions on Instrumentation and Measurement,F cites Zhang 2016,An Intensity-Augmented LiDAR-Inertial SLAM for Solid-State LiDARs in Degenerated Environments
W4387609197,10.1109/tiv.2023.3323648,2023,IEEE Transactions on Intelligent Vehicles,F cites Zhang 2016,GLIO: Tightly-Coupled GNSS/LiDAR/IMU Integration for Continuous and Drift-Free State Estimation of Intelligent Vehicles in Urban Areas
W4400228906,10.1109/lra.2024.3421792,2024,IEEE Robotics and Automation Letters,F cites Zhang 2016; F cites X-ICP 2024,Switch-SLAM: Switching-Based LiDAR-Inertial-Visual SLAM for Degenerate Environments
W3115298393,10.1109/tvt.2020.3045767,2020,IEEE Transactions on Vehicular Technology,F cites Zhang 2016; B cited by X-ICP 2024,Lidar/UWB Fusion Based SLAM With Anti-Degeneration Capability
W4404370924,10.1109/lra.2024.3498779,2024,IEEE Robotics and Automation Letters,F cites Zhang 2016; F cites X-ICP 2024,GenZ-ICP: Generalizable and Degeneracy-Robust LiDAR Odometry Using an Adaptive Weighting
W4408552806,10.1007/s10462-025-11187-w,2025,Artificial Intelligence Review,F cites Zhang 2016; F cites OverlapNet 2020,"LiDAR, IMU, and camera fusion for simultaneous localization and mapping: a systematic review"
W4388755175,10.1109/lra.2023.3333736,2023,IEEE Robotics and Automation Letters,F cites Zhang 2016,VoxelMap++: Mergeable Voxel Mapping Method for Online LiDAR(-Inertial) Odometry
W4394564083,10.1109/tro.2024.3386363,2024,IEEE Transactions on Robotics,F cites Zhang 2016; F cites OverlapNet 2020,Fast and Accurate Deep Loop Closing and Relocalization for Reliable LiDAR SLAM
W4214868979,10.1109/tim.2022.3156980,2022,IEEE Transactions on Instrumentation and Measurement,F cites Zhang 2016,Robust Inertial-Aided Underwater Localization Based on Imaging Sonar Keyframes
W4285102123,10.1109/icra46639.2022.9812336,2022,2022 International Conference on Robotics and Automation (ICRA),F cites Zhang 2016,GCLO: Ground Constrained LiDAR Odometry with Low-drifts for GPS-denied Indoor Environments
W4313409486,10.3390/rs15010186,2022,Remote Sensing,F cites Zhang 2016,A Robust LiDAR SLAM Method for Underground Coal Mine Robot with Degenerated Scene Compensation
W4390969496,10.1109/lra.2024.3355778,2024,IEEE Robotics and Automation Letters,F cites Zhang 2016; F cites X-ICP 2024,LIVER: A Tightly Coupled LiDAR-Inertial-Visual State Estimator With High Robustness for Underground Environments
W4320002790,10.1109/lra.2023.3240372,2023,IEEE Robotics and Automation Letters,F cites Zhang 2016,LIO-Fusion: Reinforced LiDAR Inertial Odometry by Effective Fusion With GNSS/Relocalization and Wheel Odometry
W4407686138,10.1088/1361-6501/adb769,2025,Measurement Science and Technology,F cites Zhang 2016,RID-LIO: robust and accurate intensity-assisted LiDAR-based SLAM for degenerated environments
W2738970069,10.1109/icra.2017.7989589,2017,,F cites Zhang 2016,Enabling aggressive motion estimation at low-drift and accurate mapping in real-time
W4365506100,10.1016/j.isprsjprs.2023.04.004,2023,ISPRS Journal of Photogrammetry and Remote Sensing,F cites Zhang 2016,AFLI-Calib: Robust LiDAR-IMU extrinsic self-calibration based on adaptive frame length LiDAR odometry
W4381327745,10.1109/jsen.2023.3286437,2023,IEEE Sensors Journal,F cites Zhang 2016,LiDAR–Inertial Integration for Rail Vehicle Localization and Mapping in Tunnels
W4411136809,10.1177/02783649251344967,2025,The International Journal of Robotics Research,F cites Zhang 2016; F cites X-ICP 2024,Heterogeneous LiDAR dataset for benchmarking robust localization in diverse degenerate scenarios
W4407235937,10.1016/j.isprsjprs.2025.01.036,2025,ISPRS Journal of Photogrammetry and Remote Sensing,F cites Zhang 2016; F cites Brossard 2020; F cites X-ICP 2024,DALI-SLAM: Degeneracy-aware LiDAR-inertial SLAM with novel distortion correction and accurate multi-constraint pose graph optimization
W4405778715,10.1109/lra.2024.3522839,2024,IEEE Robotics and Automation Letters,F cites Zhang 2016; F cites X-ICP 2024,P2d-DO: Degeneracy Optimization for LiDAR SLAM With Point-to-Distribution Detection Factors
W4412081542,10.1109/jsen.2025.3584218,2025,IEEE Sensors Journal,F cites Zhang 2016; F cites X-ICP 2024,Recent Advances in SLAM for Degraded Environments: A Review
W3080195572,10.1109/aero47225.2020.9172804,2020,,F cites Zhang 2016,Autonomous Search for Underground Mine Rescue Using Aerial Robots
W2891194622,10.1109/icra.2018.8461004,2018,,F cites Zhang 2016,Feature-Based SLAM for Imaging Sonar with Under-Constrained Landmarks
W2974494712,10.1109/joe.2019.2937946,2019,IEEE Journal of Oceanic Engineering,F cites Zhang 2016; B cited by X-ICP 2024,Degeneracy-Aware Imaging Sonar Simultaneous Localization and Mapping
W2899761469,10.1109/aero.2019.8741787,2019,,F cites Zhang 2016,Visual-Thermal Landmarks and Inertial Fusion for Navigation in Degraded Visual Environments
W2910234834,10.1109/iros.2018.8594234,2018,,F cites Zhang 2016,Virtual Occupancy Grid Map for Submap-based Pose Graph SLAM and Planning in 3D Environments
W3004052298,10.1109/iros40897.2019.8968577,2019,,F cites Zhang 2016; B cited by X-ICP 2024,Degeneracy-Aware Factors with Applications to Underwater SLAM
W3179052737,10.1109/cvprw53098.2021.00151,2021,,F cites Zhang 2016,Comparing Representations in Tracking for Event Camera-based SLAM
W2892358936,10.1109/icra.2018.8462890,2018,,F cites Zhang 2016; B cited by X-ICP 2024; B cited by TBV 2023; B cited by CorAl 2022,Predicting Alignment Risk to Prevent Localization Failure
W4285505354,10.1109/lra.2022.3191156,2022,IEEE Robotics and Automation Letters,F cites Zhang 2016; B cited by TBV 2023,Loop Closure Prioritization for Efficient and Scalable Multi-Robot SLAM
W4214762362,10.1016/j.isprsjprs.2022.02.005,2022,ISPRS Journal of Photogrammetry and Remote Sensing,F cites Zhang 2016,3D-CSTM: A 3D continuous spatio-temporal mapping method
W4225987324,10.1109/mits.2021.3092731,2022,IEEE Intelligent Transportation Systems Magazine,F cites Zhang 2016,Point Wise or Feature Wise? A Benchmark Comparison of Publicly Available Lidar Odometry Algorithms in Urban Canyons
W3175761519,10.3390/rs13122371,2021,Remote Sensing,F cites Zhang 2016,Coarse-to-Fine Loosely-Coupled LiDAR-Inertial Odometry for Urban Positioning and Mapping
W3213882986,10.1109/tim.2021.3126010,2021,IEEE Transactions on Instrumentation and Measurement,F cites Zhang 2016,Degeneration-Aware Outlier Mitigation for Visual Inertial Integrated Navigation System in Urban Canyons
W4310137353,10.1016/j.robot.2022.104315,2022,Robotics and Autonomous Systems,F cites Zhang 2016,Adaptive estimation of UAV altitude in complex indoor environments using degraded and time-delayed measurements with time-varying uncertainties
W4285149456,10.1109/jsen.2022.3181264,2022,IEEE Sensors Journal,F cites Zhang 2016,Simultaneous Localization of Rail Vehicles and Mapping of Surroundings With LiDAR-Inertial-GNSS Integration
W4386122075,10.1088/1361-6501/acf38d,2023,Measurement Science and Technology,F cites Zhang 2016,An intensity-enhanced LiDAR SLAM for unstructured environments
W2972287291,,2019,,F cites Zhang 2016,Field-hardened Robotic Autonomy for Subterranean Exploration
W3165821964,10.3390/rs13102015,2021,Remote Sensing,F cites Zhang 2016,A Robust Framework for Simultaneous Localization and Mapping with Multiple Non-Repetitive Scanning Lidars
W3214095120,10.1109/icra46639.2022.9811953,2022,2022 International Conference on Robotics and Automation (ICRA),F cites Zhang 2016,PatchGraph: In-hand tactile tracking with learned surface normals
W4312851330,10.1109/iros47612.2022.9981108,2022,2022 IEEE/RSJ International Conference on Intelligent Robots and Systems (IROS),F cites Zhang 2016,MIMOSA: A Multi-Modal SLAM Framework for Resilient Autonomy against Sensor Degradation
W4317598226,10.55417/fr.2023001,2023,Field Robotics,F cites Zhang 2016,UAVs Beneath the Surface: Cooperative Autonomy for Subterranean Search and Rescue in DARPA SubT
W4292548301,10.3390/aerospace9080456,2022,Aerospace,F cites Zhang 2016,A Global ArUco-Based Lidar Navigation System for UAV Navigation in GNSS-Denied Environments
W4295745621,10.1109/tim.2022.3205687,2022,IEEE Transactions on Instrumentation and Measurement,F cites Zhang 2016,Multimodal Information Fusion for High-Robustness and Low-Drift State Estimation of UGVs in Diverse Scenes
W4391462898,10.1109/tmech.2024.3362902,2024,IEEE/ASME Transactions on Mechatronics,F cites Zhang 2016; F cites X-ICP 2024,PALoc: Advancing SLAM Benchmarking With Prior-Assisted 6-DoF Trajectory Generation and Uncertainty Estimation
W4304784018,10.3390/su142012995,2022,Sustainability,F cites Zhang 2016,A SLAM Method Based on Multi-Robot Cooperation for Pipeline Environments Underground
W4400111252,10.1109/lra.2024.3420817,2024,IEEE Robotics and Automation Letters,F cites Zhang 2016,Graph-Based SLAM-Aware Exploration With Prior Topo-Metric Information
W4290043352,10.1109/lra.2022.3187272,2022,IEEE Robotics and Automation Letters,F cites Zhang 2016,Simultaneous Localization of Rail Vehicles and Mapping of Environment With Multiple LiDARs
W4387957755,10.1002/rob.22256,2023,Journal of Field Robotics,F cites Zhang 2016,Four years of multimodal odometry and mapping on the rail vehicles
W4391341747,10.1109/tiv.2024.3360286,2024,IEEE Transactions on Intelligent Vehicles,F cites Zhang 2016,Range-Aided LiDAR-Inertial Multi-Vehicle Localization and Mapping in Degenerate Environments
W4399665678,10.1109/tiv.2024.3414852,2024,IEEE Transactions on Intelligent Vehicles,F cites Zhang 2016,MM-LINS: A Multi-Map LiDAR-Inertial System for Over-Degenerate Environments
W4407737925,10.1109/tits.2024.3524394,2025,IEEE Transactions on Intelligent Transportation Systems,F cites Zhang 2016,A Real-Time Degeneracy Sensing and Compensation Method for Enhanced LiDAR SLAM
W4387623775,10.1109/tim.2023.3324349,2023,IEEE Transactions on Instrumentation and Measurement,F cites Zhang 2016,DMLL: Differential-Map-Aided LiDAR-Based Localization
W4387717484,10.1109/tim.2023.3314802,2023,IEEE Transactions on Instrumentation and Measurement,F cites Zhang 2016,A LiDAR-Inertial SLAM Tightly Coupled With Dropout-Tolerant GNSS Fusion for Autonomous Mine Service Vehicles
W4390749577,10.1109/tim.2024.3351253,2024,IEEE Transactions on Instrumentation and Measurement,F cites Zhang 2016,A Robust and Fast GNSS-Inertial-LiDAR Odometry With INS-Centric Multiple Modalities by IESKF
W4394862961,10.1109/lra.2024.3389820,2024,IEEE Robotics and Automation Letters,F cites Zhang 2016; F cites X-ICP 2024,RMS: Redundancy-Minimizing Point Cloud Sampling for Real-Time Pose Estimation
W4401758393,10.3390/drones8080411,2024,Drones,F cites Zhang 2016; F cites X-ICP 2024,LOFF: LiDAR and Optical Flow Fusion Odometry
W4402563836,10.1088/1361-6501/ad7bdd,2024,Measurement Science and Technology,F cites Zhang 2016,ASLAM-FD: a multi-sensor adaptive collaborative fusion SLAM framework based on degradation detection and deep reinforcement learning
W4407901406,10.1109/tfr.2025.3543142,2025,IEEE transactions on field robotics.,F cites Zhang 2016; F cites X-ICP 2024,CTE-MLO: Continuous-Time and Efficient Multi-LiDAR Odometry With Localizability-Aware Point Cloud Sampling
W4317383071,10.1109/robio55434.2022.10011727,2022,2022 IEEE International Conference on Robotics and Biomimetics (ROBIO),F cites Zhang 2016,Recognition of Degradation Scenarios for LiDAR SLAM Applications
W4389722453,10.1109/tcst.2023.3339732,2023,IEEE Transactions on Control Systems Technology,F cites Zhang 2016,Adaptive Choice of Process Noise Covariance in Kalman Filter Using Measurement Matrices
W4392007243,10.1109/access.2024.3368863,2024,IEEE Access,F cites Zhang 2016; F cites OverlapNet 2020,A 3D LiDAR-Inertial Tightly-Coupled SLAM for Mobile Robots on Indoor Environment
W4400448400,10.1002/rob.22392,2024,Journal of Field Robotics,F cites Zhang 2016; F cites Iversen 2017,Uncertainty‐aware LiDAR‐based localization for outdoor mobile robots
W4404103156,10.1109/tfr.2024.3492160,2024,IEEE transactions on field robotics.,F cites Zhang 2016,UAVs Beneath the Surface: Cooperative Autonomy for Subterranean Search and Rescue in DARPA SubT
W4405022848,10.1109/jiot.2024.3512504,2024,IEEE Internet of Things Journal,F cites Zhang 2016,Ped-Mag-ODO: Indoor Pedestrian Motion Speed Estimation Method Based on Dual Magnetometers
W4408017440,10.1109/tim.2025.3546399,2025,IEEE Transactions on Instrumentation and Measurement,F cites Zhang 2016; F cites X-ICP 2024,ININ-LIO: Informer-Based Neural Inertial Network-Aided LiDAR–Inertial Odometry
W4403390395,10.1109/lra.2024.3479699,2024,IEEE Robotics and Automation Letters,F cites Zhang 2016; F cites X-ICP 2024,SGBA: Semantic Gaussian Mixture Model-Based LiDAR Bundle Adjustment
W4409099234,10.3390/wevj16040209,2025,World Electric Vehicle Journal,F cites Zhang 2016,Enhanced Isolation Forest-Based Algorithm for Unsupervised Anomaly Detection in Lidar SLAM Localization
W4389252691,10.1109/tiv.2023.3338141,2023,IEEE Transactions on Intelligent Vehicles,F cites Zhang 2016,Dynamic Object-Aware LiDAR Odometry Aided by Joint Weightings Estimation in Urban Areas
W4401414874,10.1109/lra.2024.3440728,2024,IEEE Robotics and Automation Letters,F cites Zhang 2016,IMU Augment Tightly Coupled Lidar-Visual-Inertial Odometry for Agricultural Environments
W4406169074,10.1088/1361-6501/ada78f,2025,Measurement Science and Technology,F cites Zhang 2016,3D LiDAR SLAM for natural guided navigation of automated guided vehicles in unstructured scenes
W7106030111,10.1109/lra.2025.3634906,2025,IEEE Robotics and Automation Letters,F cites Zhang 2016; F cites X-ICP 2024,LODESTAR: Degeneracy-Aware LiDAR-Inertial Odometry With Adaptive Schmidt-Kalman Filter and Data Exploitation
W4394818665,10.1177/02783649241246847,2024,The International Journal of Robotics Research,F cites Zhang 2016,A framework for collaborative multi-robot mapping using spectral graph wavelets
W4407921668,10.3390/drones9030168,2025,Drones,F cites Zhang 2016,Adaptive Federated Kalman Filtering with Dimensional Isolation for Unmanned Aerial Vehicle Navigation in Degraded Industrial Environments
W4410226485,10.1109/lra.2025.3568569,2025,IEEE Robotics and Automation Letters,F cites Zhang 2016; F cites X-ICP 2024,Anti-Degeneracy Scheme for Lidar SLAM Based on Particle Filter in Geometry Feature-Less Environments
W4411086655,10.1109/tim.2025.3575966,2025,IEEE Transactions on Instrumentation and Measurement,F cites Zhang 2016; F cites X-ICP 2024,FI-SLAM: Feature Information-Based Robust and Efficient LiDAR SLAM
W4410610950,10.1088/1361-6501/addbff,2025,Measurement Science and Technology,F cites Zhang 2016,DALO-SLAM: LiDAR-only SLAM based on dynamic removal and adaptive feature enhancement in GNSS-denial environment
W4411446190,10.1109/lra.2025.3581125,2025,IEEE Robotics and Automation Letters,F cites Zhang 2016; F cites X-ICP 2024,FAST-LIVO2 on Resource-Constrained Platforms: LiDAR-Inertial-Visual Odometry With Efficient Memory and Computation
W4409326405,10.1109/jsen.2025.3557840,2025,IEEE Sensors Journal,F cites Zhang 2016,A Degeneracy-Aware LiDAR–Inertial—Visual SLAM for Degenerate Environments
W4417202903,10.1126/scirobotics.adv1818,2025,Science Robotics,F cites Zhang 2016; F cites Brossard 2020; F cites X-ICP 2024,Resilient odometry via hierarchical adaptation
W2793560929,10.3390/s18040935,2018,Sensors,F cites Zhang 2016; B cited by X-ICP 2024,Detection and Compensation of Degeneracy Cases for IMU-Kinect Integrated Continuous SLAM with Plane Features
W2766094311,10.1007/978-3-319-67361-5_26,2017,Springer proceedings in advanced robotics,F cites Zhang 2016,Aerial and Ground-Based Collaborative Mapping: An Experimental Study
W3005369628,10.1109/icar46387.2019.8981545,2019,,F cites Zhang 2016,Resilient Autonomous Exploration and Mapping of Underground Mines using Aerial Robots
W3164892132,10.3390/rs13101981,2021,Remote Sensing,F cites Zhang 2016; B cited by X-ICP 2024,Towards a Fully Automated 3D Reconstruction System Based on LiDAR and GNSS in Challenging Scenarios
W3106129785,10.1007/978-3-030-03801-4_46,2018,Lecture notes in computer science,F cites Zhang 2016,Vision-Depth Landmarks and Inertial Fusion for Navigation in Degraded Visual Environments
W4298146021,10.3390/s22197424,2022,Sensors,F cites Zhang 2016,Robust Lidar-Inertial Odometry with Ground Condition Perception and Optimization Algorithm for UGV
W4380538284,10.3390/electronics12122639,2023,Electronics,F cites Zhang 2016,A LiDAR–Inertial SLAM Method Based on Virtual Inertial Navigation System
W4379161745,10.1111/phor.12447,2023,The Photogrammetric Record,F cites Zhang 2016,A low‐drift and real‐time localisation and mapping method for handheld hemispherical view LiDAR‐IMU integration system
W4387513993,10.1016/j.measurement.2023.113688,2023,Measurement,F cites Zhang 2016,Mag-ODO: Motion speed estimation for indoor robots based on dual magnetometers
W4224862621,10.1007/s13320-022-0657-6,2022,Photonic Sensors,F cites Zhang 2016,A Robust 2D Lidar SLAM Method in Complex Environment
W4379034017,10.1109/lra.2023.3281907,2023,IEEE Robotics and Automation Letters,F cites Zhang 2016,Photometric LiDAR and RGB-D Bundle Adjustment
W4387908573,10.3390/rs15215093,2023,Remote Sensing,F cites Zhang 2016,A Multimodal Robust Simultaneous Localization and Mapping Approach Driven by Geodesic Coordinates for Coal Mine Mobile Robots
W4392623958,10.1007/s10846-024-02077-4,2024,Journal of Intelligent & Robotic Systems,F cites Zhang 2016,How Challenging is a Challenge? CEMS: a Challenge Evaluation Module for SLAM Visual Perception
W4206578178,10.1109/cvci54083.2021.9661121,2021,2021 5th CAA International Conference on Vehicular Control and Intelligence (CVCI),F cites Zhang 2016,Learning End-to-End Inertial-Wheel Odometry for Vehicle Ego-Motion Estimation
W4306147871,10.1109/mfi55806.2022.9913848,2022,,F cites Zhang 2016,Perception-aware Receding Horizon Path Planning for UAVs with LiDAR-based SLAM
W4366999168,10.1177/16878132231169688,2023,Advances in Mechanical Engineering,F cites Zhang 2016,Energy-and-perception-aware planning and navigation framework for unmanned aerial vehicles
W4386204205,10.1177/02783649231195650,2023,The International Journal of Robotics Research,F cites Zhang 2016,USTC FLICAR: A sensors fusion dataset of LiDAR-inertial-camera for heavy-duty autonomous aerial work robots
W4394622266,10.1108/ir-01-2024-0001,2024,Industrial Robot the international journal of robotics research and application,F cites Zhang 2016,LIDAR-based SLAM system for autonomous vehicles in degraded point cloud scenarios: dynamic obstacle removal
W4401415294,10.1109/icra57147.2024.10611074,2024,,F cites Zhang 2016; F cites X-ICP 2024,RELEAD: Resilient Localization with Enhanced LiDAR Odometry in Adverse Environments
W4403124187,10.1109/tro.2024.3475220,2024,IEEE Transactions on Robotics,F cites Zhang 2016,On Semidefinite Relaxations for Matrix-Weighted State-Estimation Problems in Robotics
W4385627507,10.1109/jsen.2023.3301039,2023,IEEE Sensors Journal,F cites Zhang 2016,Experimental Evaluation of Monocular Visual–Inertial SLAM Methods for Freight Railways
W4393246020,10.1016/j.aei.2024.102472,2024,Advanced Engineering Informatics,F cites Zhang 2016,Global principal planes aided LiDAR-based mobile mapping method in artificial environments
W4401414465,10.1109/icra57147.2024.10611516,2024,,F cites Zhang 2016,OCC-VO: Dense Mapping via 3D Occupancy-Based Visual Odometry for Autonomous Driving
W4390204220,10.1109/jsen.2023.3344725,2023,IEEE Sensors Journal,F cites Zhang 2016,Tool Center Point Calibration via Posture-Sequence Particle Swarm Optimization
W4400679144,10.1109/jsen.2024.3425529,2024,IEEE Sensors Journal,F cites Zhang 2016,Visual Landmark-Aided LiDAR–Inertial Odometry for Rail Vehicle
W4401907662,10.1109/jsen.2024.3446998,2024,IEEE Sensors Journal,F cites Zhang 2016; F cites X-ICP 2024,NA-LOAM: Normal-Based Adaptive LiDAR Odometry and Mapping
W4404952731,10.1109/tim.2024.3507053,2024,IEEE Transactions on Instrumentation and Measurement,F cites Zhang 2016; F cites Brossard 2020; F cites X-ICP 2024,Intermittent VIO-Assisted LiDAR SLAM Against Degeneracy: Recognition and Mitigation
W4401414429,10.1109/icra57147.2024.10610390,2024,,F cites Zhang 2016,Perception-and-Energy-aware Motion Planning for UAV using Learning-based Model under Heteroscedastic Uncertainty
W4403863414,10.1109/lra.2024.3487496,2024,IEEE Robotics and Automation Letters,F cites Zhang 2016,Depth-Visual-Inertial (DVI) Mapping System for Robust Indoor 3D Reconstruction
W4405488079,10.1109/tits.2024.3512000,2024,IEEE Transactions on Intelligent Transportation Systems,F cites Zhang 2016,MetroLoc: Metro Vehicle Mapping and Localization With LiDAR-Camera-Inertial Integration
W4405786023,10.1109/iros58592.2024.10802825,2024,,F cites Zhang 2016,LA-LIO: Robust Localizability-Aware LiDAR-Inertial Odometry for Challenging Scenes
W4411446287,10.1109/lra.2025.3581127,2025,IEEE Robotics and Automation Letters,F cites Zhang 2016,Degradation-Aware LiDAR-Thermal-Inertial SLAM
W4412076630,10.1109/lra.2025.3585388,2025,IEEE Robotics and Automation Letters,F cites Zhang 2016,FusionGS-SLAM: Multiple Sensors Fusion for Localization and Real-Time Photorealistic Mapping
W4416650095,10.1109/tim.2025.3629836,2025,IEEE Transactions on Instrumentation and Measurement,F cites Zhang 2016,3-D LiDAR-Aided GNSS NLOS Mitigation for Reliable GNSS-RTK Positioning in Urban Canyons
W4412692703,10.3390/s25154637,2025,Sensors,F cites Zhang 2016,Accurate and Robust Train Localization: Fusing Degeneracy-Aware LiDAR-Inertial Odometry and Visual Landmark Correction
W4413253642,10.3788/lop250433,2025,Laser & Optoelectronics Progress,F cites Zhang 2016,退化环境下的连续运动校正-强度辅助的LiDAR惯性同时定位与建图
W4413925257,10.1109/icra55743.2025.11128429,2025,,F cites Zhang 2016,A2DO: Adaptive Anti-Degradation Odometry with Deep Multi-Sensor Fusion for Autonomous Navigation
W4413925271,10.1109/icra55743.2025.11127770,2025,,F cites Zhang 2016,Submodular Optimization for Keyframe Selection & Usage in SLAM
W2566427421,10.1109/ssrr.2016.7784273,2016,,F cites Zhang 2016; B cited by X-ICP 2024,Detection and prediction of near-term state estimation degradation via online nonlinear observability analysis
W4206707363,10.1007/s11370-021-00406-2,2022,Intelligent Service Robotics,F cites Zhang 2016,A tightly coupled monocular visual lidar odometry with loop closure
W3171403475,10.3390/s21124042,2021,Sensors,F cites Zhang 2016,Degeneration-Aware Localization with Arbitrary Global-Local Sensor Fusion
W3197803082,10.3390/s21186056,2021,Sensors,F cites Zhang 2016,Novel Process Noise Model for GNSS Kalman Filter Based on Sensitivity Analysis of Covariance with Poor Satellite Geometry
W4281393205,10.3389/fnbot.2022.866294,2022,Frontiers in Neurorobotics,F cites Zhang 2016,Simultaneous Localization and Mapping Algorithm Based on the Asynchronous Fusion of Laser and Vision Sensors
W4392406118,10.1109/tiv.2024.3372028,2024,IEEE Transactions on Intelligent Vehicles,F cites Zhang 2016,mVLINS: A Multilevel Visual-LiDAR-Inertial Navigation System With Completely Decoupled Odometry and Adaptive Environmental Mapping
W4400679205,10.1109/jsen.2024.3425850,2024,IEEE Sensors Journal,F cites Zhang 2016,A Dynamic Visual-Inertial-Wheel Odometry With Semantic Constraints and Denoised IMU-Odometer Prior for Autonomous Driving
W4383108312,10.1109/icra48891.2023.10161253,2023,,F cites Zhang 2016,Resilient Terrain Navigation with a 5 DOF Metal Detector Drone
W4392902014,10.1109/jsen.2024.3374346,2024,IEEE Sensors Journal,F cites Zhang 2016,Range-Aided LiDAR Cooperative Localization and Mapping
W2783642447,10.1109/crv.2018.00032,2018,,F cites Zhang 2016,Learning a Bias Correction for Lidar-Only Motion Estimation
W4387713457,10.1109/raiic59453.2023.10280931,2023,,F cites Zhang 2016,Solid-State LiDAR SLAM System with Indoor Degradation Scene Compensation
W4391768579,10.1109/itsc57777.2023.10422430,2023,,F cites Zhang 2016,Direction-Based Feature Selection for Efficient LiDAR Odometry in Urban Environment
W4407461410,10.1109/cac63892.2024.10865674,2024,,F cites Zhang 2016,Subway Tunnel Mapping Based on Improved Point-LIO
W4413018526,10.1109/iv64158.2025.11097708,2025,,F cites Zhang 2016,Metro-Rail-SLAM for Automated Inspection Vehicles with Path-Aided Constraints
W4416748430,10.1109/iros60139.2025.11246310,2025,,F cites Zhang 2016,GFM-Planner: Perception-Aware Trajectory Planning with Geometric Feature Metric
W3080300064,10.1109/aero47225.2020.9172576,2020,,F cites Zhang 2016,Multi-modal Visual-Thermal Saliency-based Object Detection in Visually-degraded Environments
W3207953086,10.1109/icra48506.2021.9561225,2021,,F cites Zhang 2016,Hierarchical Object Map Estimation for Efficient and Robust Navigation
W4200184406,10.1109/ccac51819.2021.9633299,2021,,F cites Zhang 2016,A Comparison of LiDAR Odometry and Mapping Techniques
W3197751789,10.1108/sr-02-2021-0063,2021,Sensor Review,F cites Zhang 2016,An adaptive scheme for degradation suppression in Lidar based SLAM
W4386159841,10.1109/icarm58088.2023.10218772,2023,,F cites Zhang 2016,A Graph-Based SLAM Method Assisted by Visual Marker in the Degenerate Scenes
W3194373435,10.1109/bdai52447.2021.9515260,2021,,F cites Zhang 2016,Research on the Development of 3D Laser SLAM Technology
W4385800772,10.1109/cvprw59228.2023.00337,2023,,F cites Zhang 2016,Online LiDAR-to-Vehicle Alignment Using Lane Markings and Traffic Signs
W4403590818,10.5194/isprs-archives-xlviii-4-2024-659-2024,2024,"The international archives of the photogrammetry, remote sensing and spatial information sciences/International archives of the photogrammetry, remote sensing and spatial information sciences",F cites Zhang 2016,A LiDAR SLAM Algorithm Considering Dynamic Extraction of Feature Points in Underground Coal Mine
W4403721820,10.1109/lra.2024.3486233,2024,IEEE Robotics and Automation Letters,F cites Zhang 2016; F cites X-ICP 2024,ATI-CTLO: Adaptive Temporal Interval-Based Continuous-Time LiDAR-Only Odometry
W4405785044,10.1109/iros58592.2024.10802339,2024,,F cites Zhang 2016,IDF-MFL: Infrastructure-free and Drift-free Magnetic Field Localization for Mobile Robot
W4405787080,10.1109/iros58592.2024.10802556,2024,,F cites Zhang 2016,LF-3PM: a LiDAR-based Framework for Perception-aware Planning with Perturbation-induced Metric
W4386821903,10.23919/ccc58697.2023.10240850,2023,,F cites Zhang 2016,A Robust Model Reconstruction Algorithm For Elevator Shaft
W4402570097,10.23919/ccc63176.2024.10661819,2024,,F cites Zhang 2016,RA-LIO: A Robust Adaptive Tightly-Coupled Lidar-Inertial Odometry
W4405495701,10.3390/rs16244718,2024,Remote Sensing,F cites Zhang 2016,An Environment Recognition Algorithm for Staircase Climbing Robots
W4410737956,10.1109/lra.2025.3573628,2025,IEEE Robotics and Automation Letters,F cites Zhang 2016,MAD-BA: 3D LiDAR Bundle Adjustment – From Uncertainty Modelling to Structure Optimization
W4411949657,10.1109/tim.2025.3580830,2025,IEEE Transactions on Instrumentation and Measurement,F cites Zhang 2016,A Slope-Based Targetless Extrinsic Calibration Method for LiDAR-IMU Systems on Ground Vehicles
W4402172881,10.37394/23209.2024.21.37,2024,WSEAS Transactions on Information Science and Applications archive,F cites Zhang 2016,ORB Visual and WiFi Online RSSI fusion SLAM
W4403279443,10.1109/tim.2024.3476602,2024,IEEE Transactions on Instrumentation and Measurement,F cites Zhang 2016,Circle Fit Matching: A Fast Analytical Laser Scan Matching Method for 2-D Laser Scanners
W4405180250,10.23919/iccas63016.2024.10773102,2024,,F cites Zhang 2016; F cites X-ICP 2024,TC-LTIO: Tightly-coupled LiDAR Thermal Inertial Odometry for LiDAR and Visual Odometry Degraded Environments
W4413849868,10.1007/s13349-025-01005-w,2025,Journal of Civil Structural Health Monitoring,F cites Zhang 2016,Efficient and accurate 3D reconstruction in a featureless tunnel environment: a robust LiDAR-Inertial SLAM tightly coupled with wheel odometry
W7117296377,10.1002/aisy.202500722,2025,Advanced Intelligent Systems,F cites Zhang 2016; F cites Brossard 2020; F cites X-ICP 2024,Degeneracy Sensing Light Detection and Ranging‐Inertial Simultaneous Localization and Mapping with Dual‐Layer Resistant Odometry and Scan‐Context Loop‐Closure Detection Backend in Diverse Environments
W7124994532,10.1109/tim.2026.3655922,2026,IEEE Transactions on Instrumentation and Measurement,F cites Zhang 2016,Positioning Uncertainty Estimation of LiDAR SLAM Based on Multifault Hypothesis Solution Separation and Lie Group Theory
W7133926081,10.3390/s26051653,2026,Sensors,F cites Zhang 2016; F cites OverlapNet 2020,Adaptive Multi-Sensor Fusion Localization with Eigenvalue-Based Degradation Detection for Mobile Robots
W7134850592,10.1109/tim.2026.3671940,2026,IEEE Transactions on Instrumentation and Measurement,F cites Zhang 2016; F cites X-ICP 2024,GIF-LIO: Geometry-Intensity Fused LiDAR–Inertial Odometry With Degeneracy-Constrained State Estimation
W7159929036,10.1109/access.2026.3688311,2026,IEEE Access,F cites Zhang 2016,Real-Time Localization for Autonomous Vehicles via Fusion of Low-Rate LiDAR Poses and GNSS/IMU Data
W7160103816,10.1016/j.birob.2026.100337,2026,Biomimetic Intelligence and Robotics,F cites Zhang 2016,A robust agricultural LiDAR-inertial SLAM system with heterogeneous registration and neural noise adaptation
W7168156027,10.1016/j.geits.2026.100442,2026,Green Energy and Intelligent Transportation,F cites Zhang 2016,Adaptive Uncertainty-aware Pose Estimation for Intelligent Vehicles Based on Multi-Source Information
W7170167498,10.1109/jstars.2026.3716172,2026,IEEE Journal of Selected Topics in Applied Earth Observations and Remote Sensing,F cites Zhang 2016,SCC-Loc: A Unified Semantic Cascade Consensus Framework for UAV Thermal Geo-Localization
W3004070432,10.1109/icra40945.2020.9196769,2020,,F cites Zhang 2016,Online LiDAR-SLAM for Legged Robots with Robust Registration and Deep-Learned Loop Closure
W3113196146,10.1109/icus50048.2020.9274924,2020,2020 3rd International Conference on Unmanned Systems (ICUS),F cites Zhang 2016,Towards Efficient and Robust LiDAR-based 3D Mapping in Urban Environments
W3127209738,10.1007/s10846-021-01362-w,2021,Journal of Intelligent & Robotic Systems,F cites Zhang 2016,DARE-SLAM: Degeneracy-Aware and Resilient Loop Closing in Perceptually-Degraded Environments
W4386821026,10.23919/ccc58697.2023.10240221,2023,,F cites Zhang 2016,Tightly-Coupled Lidar-Visual-Inertial Odometry and Mapping in Real Time
W4405489952,10.1109/sensors60989.2024.10784487,2024,,F cites Zhang 2016,UWB-Visual-Inertial Fusion Localization with Fast and Robust UWB Extrinsic Calibration
W3153700602,10.1109/ieeeconf38699.2020.9389045,2020,Global Oceans 2020: Singapore – U.S. Gulf Coast,F cites Zhang 2016,Keyframe-Based Imaging Sonar Localization and Navigation using Elastic Windowed Optimization
W3010743505,10.1109/sii46433.2020.9026193,2020,,F cites Zhang 2016,A Study on Efficient LiDAR-based Localization with Initial Pose Estimation
W4205336545,10.1109/icsmd53520.2021.9670764,2021,,F cites Zhang 2016,An Outlier-Robust GNSS-inertial-LiDAR Localization System
W4387192544,10.1109/ihmsc58761.2023.00040,2023,,F cites Zhang 2016,A Multi-Sensor Fusion Localization Algorithm Via Dynamic Target Removal
W4390485868,10.1109/iccma59762.2023.10374942,2023,,F cites Zhang 2016,Multi-Modal SLAM for Accurate Localisation in Self-similar Environments
W4390939439,10.1109/jsen.2024.3352044,2024,IEEE Sensors Journal,F cites Zhang 2016,MS-Mapper: A LiDAR Mapping System by Switching Between Mobile and Stationary Configurations
W4395664458,10.1007/978-981-97-1103-1_12,2024,Lecture notes in electrical engineering,F cites Zhang 2016,Intensity Augmented Solid-State-LiDAR-Inertial SLAM
W4401416262,10.1109/icra57147.2024.10610726,2024,,F cites Zhang 2016,Active Collision-Based Navigation for Wheeled Robots
W4404371110,10.1109/cyber63482.2024.10749345,2024,,F cites Zhang 2016; F cites X-ICP 2024,DR-SLAM: Vision-Inertial-Aided Degenerate-Robust LiDAR SLAM Based on Dual Confidence Ellipsoid Oblateness
W4406233946,10.1109/icarcv63323.2024.10821698,2024,,F cites Zhang 2016; F cites X-ICP 2024,CT-MLO: Voxel-Based Multi-LiDAR Odometry Using Continuous-Time Kalman Filter
W4408296360,10.3390/act14030132,2025,Actuators,F cites Zhang 2016; F cites X-ICP 2024,VS-SLAM: Robust SLAM Based on LiDAR Loop Closure Detection with Virtual Descriptors and Selective Memory Storage in Challenging Environments
W4410949808,10.1109/tits.2025.3572620,2025,IEEE Transactions on Intelligent Transportation Systems,F cites Zhang 2016,Safety-Quantifiable Line Feature-Based Monocular Visual Localization With 3D Prior Map
W3209605433,10.1186/s40648-021-00211-7,2021,ROBOMECH Journal,F cites Zhang 2016,Short-range Lidar SLAM utilizing localization data of monocular localization
W3134160087,10.48550/arxiv.2103.03713,2021,arXiv (Cornell University),F cites Zhang 2016,Ground-SLAM: Ground Constrained LiDAR SLAM for Structured Multi-Floor Environments
W3093373658,10.48550/arxiv.2010.08215,2020,arXiv (Cornell University),F cites Zhang 2016,BALM: Bundle Adjustment for Lidar Mapping
W4312586525,10.1007/978-3-642-41610-1_221-1,2022,,F cites Zhang 2016,Aerial Field Robotics
W3154645419,10.48550/arxiv.2104.05203,2021,arXiv (Cornell University),F cites Zhang 2016,Point wise or Feature wise? Benchmark Comparison of Public Available LiDAR Odometry Algorithms in Urban Canyons
W3177095793,10.13140/rg.2.2.27282.17601,2021,arXiv (Cornell University),F cites Zhang 2016,Robust Inertial-aided Underwater Localization and Navigation based on Imaging Sonar Keyframes
W3215566167,10.48550/arxiv.2111.15043,2021,arXiv (Cornell University),F cites Zhang 2016,RailLoMer: Rail Vehicle Localization and Mapping with LiDAR-IMU-Odometer-GNSS Data Fusion
W3154749413,10.48550/arxiv.2104.09887,2021,arXiv (Cornell University),F cites Zhang 2016,Comparing Representations in Tracking for Event Camera-based SLAM
W2997586652,10.1184/r1/10248926.v1,2019,Figshare,F cites Zhang 2016,Underwater Localization and Mapping with Imaging Sonar
W3191299065,10.1109/iros51168.2021.9636443,2021,2021 IEEE/RSJ International Conference on Intelligent Robots and Systems (IROS),F cites Zhang 2016,Robust Rank Deficient SLAM
W4308080817,10.1109/itsc55140.2022.9921943,2022,2022 IEEE 25th International Conference on Intelligent Transportation Systems (ITSC),F cites Zhang 2016,Towards Image-Grade LiDAR Odometry and Mapping
W4311722306,10.3929/ethz-b-000634630,2022,arXiv (Cornell University),F cites Zhang 2016,Resilient Terrain Navigation with a 5 DOF Metal Detector Drone
W4313017367,10.1109/igarss46834.2022.9883319,2022,IGARSS 2022 - 2022 IEEE International Geoscience and Remote Sensing Symposium,F cites Zhang 2016,A LiDAR-Based 3D Indoor Mapping Framework with Mismatch Detection and Optimization
W4320038060,10.1007/978-981-19-6613-2_504,2023,Lecture notes in electrical engineering,F cites Zhang 2016,Real-Time Dense Visual Odometry for RGB-D Cameras
W4386883508,10.1109/rcar58764.2023.10249551,2023,,F cites Zhang 2016,The Accuracy Analysis of Tool Center Point Calibration via Condition Number and Minimum Eigenvalue
W4389704426,10.5194/isprs-archives-xlviii-1-w2-2023-687-2023,2023,"The international archives of the photogrammetry, remote sensing and spatial information sciences/International archives of the photogrammetry, remote sensing and spatial information sciences",F cites Zhang 2016,MR-MD:MULTI-ROBOT MAPPING WITH MANHATTAN DESCRIPTOR
W4389712682,10.48550/arxiv.2312.07337,2023,arXiv (Cornell University),F cites Zhang 2016; F cites X-ICP 2024,RMS: Redundancy-Minimizing Point Cloud Sampling for Real-Time Pose Estimation
W4389976856,10.4271/2023-01-7051,2023,SAE technical papers on CD-ROM/SAE technical paper series,F cites Zhang 2016; F cites TBV 2023,One Robust Loosely Coupled 4D Millimeter-Wave Image Radar SLAM Method
W4391013390,10.48550/arxiv.2401.09101,2024,arXiv (Cornell University),F cites Zhang 2016,PIN-SLAM: LiDAR SLAM Using a Point-Based Implicit Neural Representation for Achieving Global Map Consistency
W4391237394,10.1109/cvci59596.2023.10397423,2023,,F cites Zhang 2016,Tightly-coupled Lidar-Visual-Inertial SLAM considering 3D-2D Line Correspondences
W4391307920,10.1109/yac59482.2023.10401326,2023,,F cites Zhang 2016,Robust LiDAR-Visual-Inertial Fusion Odometry for Autonomous Vehicles
W4400726797,10.1109/ccdc62350.2024.10587847,2024,,F cites Zhang 2016,A LiDAR-Inertial Odometry by Fusing Adjacent Frames with Point Selection
W4401070281,10.1109/access.2024.3434578,2024,IEEE Access,F cites Zhang 2016,Enhanced Mobile Robot Odometry With Error Kalman Filtering Incorporating 3D Point Cloud Intensity
W4402753535,10.1109/cis-ram61939.2024.10673030,2024,,F cites Zhang 2016,Spinning-Actuated LiDAR-Based SLAM for Robotic Mapping: A Concise Survey
W4412171280,10.1109/iccrt63554.2025.11072771,2025,,F cites Zhang 2016,3D LiDAR SLAM for Roadheader in Coal Mines
W4412405011,10.1109/icccr65461.2025.11072592,2025,,F cites Zhang 2016,A LiDAR-IMU Tightly Coupled SLAM in Subway Tunnel Environments
W4412431606,10.1109/iccar64901.2025.11073039,2025,,F cites Zhang 2016,A LiDAR Localization Method for Mobile Robots Based on Fast Search and Outlier Mitigation
W4413018601,10.1109/iv64158.2025.11097589,2025,,F cites Zhang 2016,Enhanced LIO-Based Localization System with Online Map Update for Robust Mining Tunnel Operations
W4414724226,10.33012/2025.20386,2025,Proceedings of the Satellite Division's International Technical Meeting (Online)/Proceedings of the Satellite Division's International Technical Meeting (CD-ROM),F cites Zhang 2016; F cites X-ICP 2024,D² LIO: A Tightly-Coupled LiDAR-Inertial Odometry with Degeneracy Detection
W4415034938,10.23919/ccc64809.2025.11178564,2025,,F cites Zhang 2016,Relative Trajectory Identification and Prediction for Point Cloud Degradation Based on MIMO LiDAR
W4415047882,10.23919/ccc64809.2025.11179375,2025,,F cites Zhang 2016; F cites Brossard 2020; F cites X-ICP 2024,Tunnel-LIVO: LiDAR-Inertial-Visual Odometry for Degenerate Tunnel Environments
W4415168024,10.1145/3732437.3732738,2024,,F cites Zhang 2016; F cites Brossard 2020; F cites X-ICP 2024,Neural Error Covariance Estimation for Precise LiDAR Localization
W4416401216,10.1109/aiim67611.2025.11232820,2025,,F cites Zhang 2016,Improved A-LOAM Algorithm Based on Radius Filter
W4416748626,10.1109/iros60139.2025.11245914,2025,,F cites Zhang 2016; F cites X-ICP 2024,CM-LIUW-Odometry: Robust and High-Precision LiDAR-Inertial-UWB-Wheel Odometry for Extreme Degradation Coal Mine Tunnels
W4416749957,10.1109/iros60139.2025.11247423,2025,,F cites Zhang 2016,From Satellite to Street: Semantic and Depth Information for Enhanced Geo-Localization
W4417499101,10.1002/rob.70136,2025,Journal of Field Robotics,F cites Zhang 2016; F cites X-ICP 2024,"HK‐MEMS, a Multi‐Sensor Data Set With MEMS LiDAR on Degenerate and Dynamic Urban Scenarios"
W7117564733,10.1109/tie.2025.3642438,2025,IEEE Transactions on Industrial Electronics,F cites Zhang 2016,Augmented Ultra-Wideband Localization for Quadrotor UAV: Disturbance Rejection and Credibility Quantification
W7128789791,10.1109/lra.2026.3664670,2026,IEEE Robotics and Automation Letters,F cites Zhang 2016; F cites X-ICP 2024,CT-FLO: Simple Yet Effective FMCW LiDAR Odometry Using an Linear Continuous-Time Trajectory
W7131663540,10.1109/aihcir67580.2025.11404802,2025,,F cites Zhang 2016,Life-Long LiDAR Localization Based on Incremental NDT in Industrial Environments
W7135044278,10.1109/icicip67436.2026.11417555,2026,,F cites Zhang 2016,Predefined-Time Distributed State Estimation for Nonlinear Systems over Directed Networks
W7140098672,10.1002/rob.70200,2026,Journal of Field Robotics,F cites Zhang 2016; F cites X-ICP 2024,DURAL: Degradation‐Resistant Robust Adaptive Localization by LiDAR‐Inertial‐UWB‐Wheel Fusion for Coal Mine Robots
W7159627975,10.1109/cac67268.2025.11486644,2025,,F cites Zhang 2016,DP-SLAM: A Tightly-Coupled SLAM Method with Degradation Perception
W7163151066,10.3390/s26113518,2026,Sensors,F cites Zhang 2016; F cites X-ICP 2024,Deskewed LiDAR Odometry for Quadruped Robots in Environments with Varying Elevation
W7164384519,10.1016/j.measurement.2026.122172,2026,Measurement,F cites Zhang 2016; F cites X-ICP 2024,Cramer–Rao lower bound analysis of pose estimation with point cloud registration and its application
W7165058493,10.1109/tim.2026.3704099,2026,IEEE Transactions on Instrumentation and Measurement,F cites Zhang 2016; F cites Brossard 2020; F cites X-ICP 2024,DGMapping: Degeneration-Guided Adaptive Multisensor Fusion for Cost-Effective Mapping
W7165194444,10.1109/icieam69213.2026.11549887,2026,,F cites Zhang 2016,Voxel-to-Voxel Generalized ICP for Fast and Accurate LiDAR Odometry
W7167023871,10.3788/lop252398,2026,Laser & Optoelectronics Progress,F cites Zhang 2016; F cites X-ICP 2024,多传感器融合的退化场景SLAM算法研究
W7168085734,10.1007/978-981-92-2864-5_19,2026,Lecture notes in computer science,F cites Zhang 2016,K-STAR: Knowledge-Guided Submap Tracking and Recovery for Monocular SLAM in Degraded Visual Conditions
W7169043765,10.3390/s26144485,2026,Sensors,F cites Zhang 2016,Multi-Modal Tightly Coupled Robust Pose Estimation for Mobile Robots in Complex Degraded Scenarios
W7170069362,10.1038/s41377-026-02401-7,2026,Light Science & Applications,F cites Zhang 2016,Robust hybrid feature-driven on-the-fly mapping enables freehand 3D panoramic photoacoustic angiography
W7172308839,10.1109/jsen.2026.3717676,2026,IEEE Sensors Journal,F cites Zhang 2016; F cites X-ICP 2024,Adaptive Point and Directional Constraint Sampling for Robust LiDAR Odometry in Narrow and Elongated Environments
W7172386631,10.1109/yac71005.2026.11616184,2026,,F cites Zhang 2016,Environment-Adaptive Solid-State LiDAR-Inertial Odometry
W7202249751,10.1109/tase.2026.3723023,2026,IEEE Transactions on Automation Science and Engineering,F cites Zhang 2016,A Factor Graph Optimization Method With Initial Velocity Bias Estimation for GINS Initial Alignment
W7202267989,10.1109/icecet65726.2026.11632663,2026,,F cites Zhang 2016,Uncertainty Anisotropy—Based Landmark Selection for 2D LiDAR Mapping
W7202293319,10.1109/jstars.2026.3723381,2026,IEEE Journal of Selected Topics in Applied Earth Observations and Remote Sensing,F cites Zhang 2016,GNSS Precise Point Positioning Enhanced Mobile Laser Scanning Railway Point Cloud Registration
W7203597970,10.1109/icma69663.2026.11647674,2026,,F cites Zhang 2016,Adaptive Degeneracy-Aware LiDAR-Inertial-Visual Odometry with Balanced Accuracy and Efficiency
W7203621674,10.3390/jmse14161520,2026,Journal of Marine Science and Engineering,F cites Zhang 2016,RA-SIDO: Robust and Adaptive Sonar–Inertial–Depth Odometry for Consistent Underwater Acoustic 3D Mapping
W7203727616,10.3390/pr14162635,2026,Processes,F cites Zhang 2016,A Measure-Theoretic Framework and Adaptive Stopping Method for Node-State Quality Monitoring in Dynamic Spatial Networks
W7203838975,10.1109/tcomm.2026.3725328,2026,IEEE Transactions on Communications,F cites Zhang 2016,"Onboard Reconfigurable Holographic Surface-Aided Simultaneous Localization, Mapping, and Moving Object Tracking for Low-Altitude Wireless Networks"
W7204257215,10.1109/ecnct70535.2026.11661532,2026,,F cites Zhang 2016; F cites X-ICP 2024,Direction-Level Degeneracy-Aware Continuous Soft-Compensation for LiDAR-Inertial Odometry
W7204553530,10.3390/robotics15090167,2026,Robotics,F cites Zhang 2016,Hybrid Zero-Shot Interactive Navigation with LLMs: Path Planning Under Dual Constraints of Speech and Environment
W7204970351,10.1109/cis-ram71614.2026.11668505,2026,,F cites Zhang 2016,Degradation-Aware Perceptual Path Planning for Robust LiDAR Localization*
W7204988970,10.3390/rs18172959,2026,Remote Sensing,F cites Zhang 2016; F cites OverlapNet 2020,Odometry and Mapping for Complex Environment Perception Under Partial-View Sensing
W7211909826,10.1109/access.2026.3731394,2026,IEEE Access,F cites Zhang 2016,Manifold-Constrained Visual Odometry for Soft Worm-Inspired Robots in Pipe-Inspection Tasks
W7212325593,10.21203/rs.3.rs-10409860/v1,2026,Research Square,F cites Zhang 2016; F cites X-ICP 2024,A Sensor-Centric Survey of SLAM and Odometry for GPS-Denied Environments
W2033819227,10.1017/cbo9780511811685,2004,Cambridge University Press eBooks,B cited by Zhang 2016,Multiple View Geometry in Computer Vision
W2118877769,,1981,,B cited by Zhang 2016,An Iterative Image Registration Technique with an Application to Stereo Vision
W2336416123,10.1145/504729.504754,2002,Communications of the ACM,B cited by Zhang 2016,Probabilistic robotics
W2067603665,10.1109/acc.1984.4171550,1995,American Control Conference,B cited by Zhang 2016,Robust adaptive control
W4229706427,10.1017/cbo9781139020411,2012,Cambridge University Press eBooks,B cited by Zhang 2016,Matrix Analysis
W4320800818,10.1137/1.9780898719574,1997,Society for Industrial and Applied Mathematics eBooks,B cited by Zhang 2016,Numerical Linear Algebra
W4251391716,10.1007/978-3-540-77974-2,2008,,B cited by Zhang 2016,Computational Geometry
W2133066324,10.1109/robot.1990.126006,2002,,B cited by Zhang 2016,A stable tracking control method for an autonomous mobile robot
W2105737698,,1980,Medical Entomology and Zoology,B cited by Zhang 2016,Numerical mathematics and computing
W234738007,10.1007/978-1-4471-4396-3_11,2012,Advanced textbooks in control and signal processing,B cited by Zhang 2016,Robust Adaptive Control
W1953793983,10.1007/s10514-013-9327-2,2013,Autonomous Robots,B cited by Zhang 2016; B cited by CELLO-3D 2019; B cited by Brossard 2020; B cited by X-ICP 2024,Comparing ICP variants on real-world data sets
W1512698229,10.1109/icra.2015.7139486,2015,,B cited by Zhang 2016,"Visual-lidar odometry and mapping: low-drift, robust, and fast"
W1982582014,10.1109/mcs.2013.2287568,2014,IEEE Control Systems,B cited by Zhang 2016,Unmanned Aerial Vehicle Path Following: A Survey and Analysis of Algorithms for Fixed-Wing Unmanned Aerial Vehicless
W1486715499,,1995,Virtual Defense Library (Ministerio de Defensa),B cited by Zhang 2016,Linear Control System Analysis and Design: Conventional and Modern
W2110985829,10.1177/0278364910382803,2010,The International Journal of Robotics Research,B cited by Zhang 2016,Planning and control for cooperative manipulation and transportation with aerial robots
W2098754650,10.1017/cbo9780511812194.006,2006,Cambridge University Press eBooks,B cited by Zhang 2016,Numerical optimization
W2029309217,10.1109/iros.2012.6386103,2012,,B cited by Zhang 2016,A robust RGB-D SLAM algorithm
W1969598406,10.1093/imamci/9.4.275,1992,IMA Journal of Mathematical Control and Information,B cited by Zhang 2016,A. M. Lyapunov's stability theory—100 years on
W2120481125,10.1109/lsp.2006.873148,2006,IEEE Signal Processing Letters,B cited by Zhang 2016,Finite-horizon robust Kalman filtering for uncertain discrete time-varying systems with uncertain-covariance white noises
W2097792297,10.1109/cvpr.2009.5206824,2009,2009 IEEE Conference on Computer Vision and Pattern Recognition,B cited by Zhang 2016,Error propagations for local bundle adjustment
W2110816628,10.1109/robot.2009.5152236,2009,,B cited by Zhang 2016,On achievable accuracy for pose tracking
W2104910675,10.1109/acc.2013.6580494,2013,,B cited by Zhang 2016,Observability optimization for the nonholonomic integrator
W2041657709,10.1109/icra.2013.6631106,2013,,B cited by Zhang 2016,Distraction suppression for vision-based pose estimation at city scales
W3160954918,10.1007/springerreference_117570,2012,SpringerReference,B cited by Zhang 2016,Nonlinear Control Systems
W26184657,10.21236/ada254994,1991,,B cited by Zhang 2016,Perturbation Theory for the Solution of Systems of Linear Equations
W4416010696,10.1109/jstars.2025.3630135,2025,IEEE Journal of Selected Topics in Applied Earth Observations and Remote Sensing,F cites Zhang 2016 (OpenCitations),Visual–LiDAR SLAM for Rover Navigation in Planetary Environments With Plane Constraints and Global Optimization
W4403021940,10.1109/tiv.2024.3467115,2024,IEEE Transactions on Intelligent Vehicles,F cites Zhang 2016 (OpenCitations),Safety-Quantifiable Planar-Feature-Based LiDAR Localization With a Prior Map for Intelligent Vehicles in Urban Scenarios
W3203267090,10.3389/frobt.2022.789444,2022,Frontiers in Robotics and AI,F cites Zhang 2016 (OpenCitations),AEROS: AdaptivE RObust Least-Squares for Graph-Based SLAM
W2049981393,10.1109/34.121791,1992,IEEE Transactions on Pattern Analysis and Machine Intelligence,B cited by CELLO-3D 2019; B cited by CorAl 2022; B cited by Iversen 2017,A method for registration of 3-D shapes
W2560609797,10.1109/cvpr.2017.16,2017,,B cited by CELLO-3D 2019,PointNet: Deep Learning on Point Sets for 3D Classification and Segmentation
W2063549868,10.1016/0262-8856(92)90066-c,1992,Image and Vision Computing,B cited by CELLO-3D 2019,Object modelling by registration of multiple range images
W2740924709,10.1145/3068335,2017,ACM Transactions on Database Systems,B cited by CELLO-3D 2019,"DBSCAN Revisited, Revisited"
W2118104180,10.1007/bf01427149,1994,International Journal of Computer Vision,B cited by CELLO-3D 2019,Iterative point matching for registration of free-form curves and surfaces
W1883517952,10.1109/robot.1991.132043,2002,,B cited by CELLO-3D 2019; B cited by CorAl 2022,Object modeling by registration of multiple range images
W2271206385,10.1561/2300000035,2015,Foundations and Trends in Robotics,B cited by CELLO-3D 2019; B cited by Brossard 2020; B cited by X-ICP 2024,A Review of Point Cloud Registration Algorithms for Mobile Robotics
W2022512855,10.5194/isprsarchives-xxxviii-5-w12-97-2011,2012,"The international archives of the photogrammetry, remote sensing and spatial information sciences/International archives of the photogrammetry, remote sensing and spatial information sciences",B cited by CELLO-3D 2019,DIMENSIONALITY BASED SCALE SELECTION IN 3D LIDAR POINT CLOUDS
W2155653863,10.1109/tro.2014.2298059,2014,IEEE Transactions on Robotics,B cited by CELLO-3D 2019; B cited by Brossard 2020,Associating Uncertainty With Three-Dimensional Poses for Use in Estimation Problems
W1966790179,10.1177/0278364912458814,2012,The International Journal of Robotics Research,B cited by CELLO-3D 2019; B cited by Brossard 2020; B cited by CorAl 2022,Challenging data sets for point cloud registration algorithms
W1976809435,10.1177/0278364908091366,2008,The International Journal of Robotics Research,B cited by CELLO-3D 2019,Map Matching and Data Association for Large-Scale Two-dimensional Laser Scan-based SLAM
W2131821152,10.1109/robot.2009.5152712,2009,,B cited by CELLO-3D 2019,Appearance-based loop detection from 3D laser data using the normal distributions transform
W2101992557,10.1007/978-3-642-13408-1_18,2010,Springer tracts in advanced robotics,B cited by CELLO-3D 2019,Place Recognition Using Regional Point Descriptors for 3D Mapping
W2133352538,10.1109/icra.2013.6631017,2013,,B cited by CELLO-3D 2019,CELLO: A fast algorithm for Covariance Estimation
W2412342236,10.1109/icra.2016.7487212,2016,,B cited by CELLO-3D 2019,PROBE-GK: Predictive robust estimation using generalized kernels
W2201132991,10.1109/iros.2015.7353890,2015,,B cited by CELLO-3D 2019,PROBE: Predictive robust estimation for visual-inertial navigation
W4360823144,10.1016/j.engappai.2023.106125,2023,Engineering Applications of Artificial Intelligence,F cites CELLO-3D 2019 (OpenCitations),A review of high-definition map creation methods for autonomous driving
W3200806454,10.1109/lra.2021.3113043,2021,IEEE Robotics and Automation Letters,F cites CELLO-3D 2019 (OpenCitations); F cites OverlapNet 2020; F cites Iversen 2017,Globally Consistent 3D LiDAR Mapping With GPU-Accelerated GICP Matching Cost Factors
W4311802545,10.1145/3550454.3555441,2022,ACM Transactions on Graphics,F cites CELLO-3D 2019 (OpenCitations),Stochastic Poisson Surface Reconstruction
W4220838996,10.3390/rs14061380,2022,Remote Sensing,F cites CELLO-3D 2019 (OpenCitations); F cites Brossard 2020,Improved-UWB/LiDAR-SLAM Tightly Coupled Positioning System with NLOS Identification Using a LiDAR Point Cloud in GNSS-Denied Environments
W3127188503,10.1109/lra.2021.3052418,2021,IEEE Robotics and Automation Letters,F cites CELLO-3D 2019 (OpenCitations),PHASER: A Robust and Correspondence-Free Global Pointcloud Registration
W3002270926,10.1109/lra.2020.2969153,2020,IEEE Robotics and Automation Letters,F cites CELLO-3D 2019 (OpenCitations),A Data-Driven Motion Prior for Continuous-Time Trajectory Estimation on SE(3)
W2938839210,10.1007/978-981-15-9460-1_19,2021,Springer proceedings in advanced robotics,F cites CELLO-3D 2019 (OpenCitations); B cited by X-ICP 2024,Large-Scale 3D Mapping of Subarctic Forests
W4312301512,10.1109/iros47612.2022.9981916,2022,2022 IEEE/RSJ International Conference on Intelligent Robots and Systems (IROS),F cites CELLO-3D 2019 (OpenCitations),Gravity-constrained point cloud registration
W3130946423,10.1109/lra.2021.3060407,2021,IEEE Robotics and Automation Letters,F cites CELLO-3D 2019 (OpenCitations); F cites Brossard 2020,Unsupervised Learning of Lidar Features for Use ina Probabilistic Trajectory Estimator
W4293811589,10.1109/tits.2022.3200938,2022,IEEE Transactions on Intelligent Transportation Systems,F cites CELLO-3D 2019 (OpenCitations); F cites Brossard 2020,An Adaptive Invariant EKF for Map-Aided Localization Using 3D Point Cloud
W4412605582,10.1109/lra.2025.3592140,2025,IEEE Robotics and Automation Letters,F cites CELLO-3D 2019 (OpenCitations),Towards Fast Correspondence-Free Odometry Using Multiple FMCW Lidars
W3119595865,10.1109/lra.2021.3051571,2021,IEEE Robotics and Automation Letters,F cites CELLO-3D 2019 (OpenCitations),Unsupervised Balanced Covariance Learning for Visual-Inertial Sensor Fusion
W4200216640,10.1109/dicta52665.2021.9647060,2021,,F cites CELLO-3D 2019 (OpenCitations),High Definition LiDAR mapping of Perth CBD
W4389667570,10.1109/iros55552.2023.10342403,2023,,F cites CELLO-3D 2019 (OpenCitations),Exact Point Cloud Downsampling for Fast and Accurate Global Trajectory Optimization
W4413018272,10.1109/iv64158.2025.11097635,2025,,F cites CELLO-3D 2019 (OpenCitations),Gaussian Processes for 3D Covariance Estimation
W4403129857,10.1007/978-3-031-73360-4_5,2024,Lecture notes in computer science,F cites CELLO-3D 2019 (OpenCitations),Domain Game: Disentangle Anatomical Feature for Single Domain Generalized Segmentation
W4407474091,10.1109/dicta63115.2024.00017,2024,,F cites CELLO-3D 2019 (OpenCitations),High-Definition 3D Point Cloud Mapping of the City of Subiaco in Western Australia
W4383108536,10.1109/icra48891.2023.10160257,2023,,F cites CELLO-3D 2019 (OpenCitations),Towards Consistent Batch State Estimation Using a Time-Correlated Measurement Noise Model
W4395661174,10.1007/978-981-97-1099-7_1,2024,Lecture notes in electrical engineering,F cites CELLO-3D 2019 (OpenCitations),Improved Factor Graph Algorithm for Adaptive Weight Function Based on Residual Adjustment
W4415424159,10.1016/j.measurement.2025.119424,2025,Measurement,F cites CELLO-3D 2019 (OpenCitations); F cites Brossard 2020; F cites X-ICP 2024,Robust LiDAR-IMU-GNSS fusion pose estimation with the point cloud registration uncertainty modeling
W4225835048,10.1109/tase.2022.3169442,2022,IEEE Transactions on Automation Science and Engineering,F cites Brossard 2020,EKF-LOAM: An Adaptive Fusion of LiDAR SLAM With Wheel Odometry and Inertial Data for Confined Spaces With Few Geometric Features
W4220838781,10.1007/s00170-022-09084-5,2022,The International Journal of Advanced Manufacturing Technology,F cites Brossard 2020,Optical metrology for digital manufacturing: a review
W3136457107,10.1016/j.measurement.2021.109274,2021,Measurement,F cites Brossard 2020,Point cloud registration algorithm based on curvature feature similarity
W4409366563,10.1038/s41467-025-58624-6,2025,Nature Communications,F cites Brossard 2020,Learning-based 3D human kinematics estimation using behavioral constraints from activity classification
W3206894441,10.1002/rob.22040,2021,Journal of Field Robotics,F cites Brossard 2020,EIL‐SLAM: Depth‐enhanced edge‐based infrared‐LiDAR SLAM
W3161235374,10.1016/j.cirp.2021.04.057,2021,CIRP Annals,F cites Brossard 2020,Uncertainty evaluation of small wear measurements on complex technological surfaces by machine vision-aided topographical methods
W4319998008,10.1109/tro.2022.3229842,2023,IEEE Transactions on Robotics,F cites Brossard 2020,Improving Self-Consistency in Underwater Mapping Through Laser-Based Loop Closure
W4389118059,10.1016/j.robot.2023.104590,2023,Robotics and Autonomous Systems,F cites Brossard 2020,Autonomous GPU-based UAS for inspection of confined spaces: Application to marine vessel classification
W4384924268,10.1109/tmi.2023.3297188,2023,IEEE Transactions on Medical Imaging,F cites Brossard 2020,A Novel Spatial Position Prediction Navigation System Makes Surgery More Accurate
W4398152769,10.1109/access.2024.3402743,2024,IEEE Access,F cites Brossard 2020,Agricultural Vehicle Automatic Navigation Positioning and Obstacle Avoidance Technology Based on ICP
W3132558215,10.1109/iros45743.2020.9340944,2020,,F cites Brossard 2020,A Point Cloud Registration Pipeline using Gaussian Process Regression for Bathymetric SLAM
W4205205600,10.1109/lra.2022.3142733,2022,IEEE Robotics and Automation Letters,F cites Brossard 2020,G3DOA: Generalizable 3D Descriptor With Overlap Attention for Point Cloud Registration
W4367146871,10.1109/jsen.2023.3269126,2023,IEEE Sensors Journal,F cites Brossard 2020,Augmented Kalman Filter Design in a Localization System Using Onboard Sensors With Intrinsic Delays
W4316664329,10.3390/s23020961,2023,Sensors,F cites Brossard 2020,Improving Odometric Model Performance Based on LSTM Networks
W4287854479,10.1109/lra.2022.3193632,2022,IEEE Robotics and Automation Letters,F cites Brossard 2020,Sole GNSS Sensor Extrinsic Calibration Methods for Mobile Mapping Systems
W4366825286,10.1016/j.automatica.2023.111049,2023,Automatica,F cites Brossard 2020,Noise covariance estimation via autocovariance least-squares with deadbeat filters
W4401416280,10.1109/icra57147.2024.10610118,2024,,F cites Brossard 2020,Benchmarking Classical and Learning-Based Multibeam Point Cloud Registration
W4320007683,10.1177/17568293221148385,2023,International Journal of Micro Air Vehicles,F cites Brossard 2020,Airflow-based odometry for MAVs using thermal anemometers
W4413157361,10.1109/lra.2025.3598671,2025,IEEE Robotics and Automation Letters,F cites Brossard 2020,A New Approach to Real-Time Odometry Calibration Using an Adaptive Particle Filter Design
W4389667509,10.1109/iros55552.2023.10342424,2023,,F cites Brossard 2020,Joint On-Manifold Gravity and Accelerometer Intrinsics Estimation for Inertially Aligned Mapping
W3107044385,10.1109/auv50043.2020.9267897,2020,,F cites Brossard 2020,Comparing Robust Cost Functions for Bathymetric Point Cloud Registration
W4392903988,10.1109/tim.2024.3378299,2024,IEEE Transactions on Instrumentation and Measurement,F cites Brossard 2020,Propagation of Error and Uncertainty in a Computer-Assisted Orthopedic Surgical System
W4390086719,10.1016/j.mechatronics.2023.103123,2023,Mechatronics,F cites Brossard 2020,Improving odometric sensor performance by real-time error processing and variable covariance
W4414432520,10.1109/case58245.2025.11163756,2025,,F cites Brossard 2020,SeGuE: Semantic Guided Exploration for Mobile Robots
W3154376645,10.1109/lra.2021.3110372,2021,IEEE Robotics and Automation Letters,F cites Brossard 2020,Efficient LiDAR Odometry for Autonomous Driving
W4403106339,10.1038/s41597-024-03917-6,2024,Scientific Data,F cites Brossard 2020,Multiple and Gyro-Free Inertial Datasets
W3132075760,10.48550/arxiv.2102.11261,2021,arXiv (Cornell University),F cites Brossard 2020,Unsupervised Learning of Lidar Features for Use in a Probabilistic Trajectory Estimator
W4281294155,10.1145/3517077.3517095,2022,,F cites Brossard 2020,A PCA-aided EV-EGI Method for Registering Volumetric Datasets
W4306950606,10.21203/rs.3.rs-2163621/v1,2022,Research Square,F cites Brossard 2020,A Real Time Adaptive Odometric System based on Variable Covariance Sensor Fusion
W4387123706,10.1109/case56687.2023.10260521,2023,,F cites Brossard 2020,Coordinated Multi-Robot Exploration With Next-Best-View Planning for Scene Reconstruction
W4401808897,10.1109/cacre62362.2024.10635017,2024,,F cites Brossard 2020,Initial Position and Orientation Estimation of Scan Matching Based on the Height Feature Map
W4413553354,10.1109/tits.2025.3599515,2025,IEEE Transactions on Intelligent Transportation Systems,F cites Brossard 2020,Plane-Based Stereo Visual Localization With a Prior LiDAR Map
W7203797809,10.64898/2026.08.13.744704,2026,bioRxiv (Cold Spring Harbor Laboratory),F cites Brossard 2020,Bridging Biomedical Atlas Ecosystem: Cross-Atlas Alignment And Scalable Tissue Specimen Registration
W2121990344,10.1109/9.847726,2000,IEEE Transactions on Automatic Control,B cited by Brossard 2020,A new method for the nonlinear transformation of means and covariances in filters and estimators
W1943808550,10.1109/tac.2016.2594085,2016,IEEE Transactions on Automatic Control,B cited by Brossard 2020,The Invariant Extended Kalman Filter as a Stable Observer
W2049650637,10.1109/tsp.2011.2172431,2011,IEEE Transactions on Signal Processing,B cited by Brossard 2020,Some Relations Between Extended and Unscented Kalman Filters
W2196111060,10.1109/mra.2015.2432331,2015,IEEE Robotics & Automation Magazine,B cited by Brossard 2020,Registration with the Point Cloud Library: A Modular Framework for Aligning in 3-D
W2776443693,10.1146/annurev-control-060117-105010,2017,Annual Review of Control Robotics and Autonomous Systems,B cited by Brossard 2020,Invariant Kalman Filtering
W2908603664,10.1109/iros.2018.8594463,2018,,B cited by Brossard 2020,LIPS: LiDAR-Inertial 3D Plane SLAM
W2774206966,10.1109/iros.2017.8202268,2017,,B cited by Brossard 2020,An online multi-robot SLAM system for 3D LiDARs
W2018655096,10.1007/s10851-014-0517-0,2014,Journal of Mathematical Imaging and Vision,B cited by Brossard 2020,Continuous-Discrete Extended Kalman Filter on Matrix Lie Groups Using Concentrated Gaussian Distributions
W2604425362,10.1109/iros.2017.8206066,2017,,B cited by Brossard 2020,Unscented Kalman filtering on Lie groups
W4300437862,10.1561/9781680830255,2015,"now publishers, Inc. eBooks",B cited by Brossard 2020,A Review of Point Cloud Registration Algorithms for Mobile Robotics
W2085280799,10.1109/carpi.2012.6473358,2012,,B cited by Brossard 2020,Noise characterization of depth sensors for surface inspections
W4230909112,10.15607/rss.2012.viii.034,2012,,B cited by Brossard 2020,The Banana Distribution is Gaussian: A Localization Study with Exponential Coordinates
W2895016049,10.1109/icra.2019.8793671,2019,,B cited by Brossard 2020,Lidar Measurement Bias Estimation via Return Waveform Modelling in a Context of 3D Mapping
W2963428125,10.1109/cyber.2018.8688235,2018,,B cited by Brossard 2020,Characterization of a RS-LiDAR for 3D Perception
W4300178276,,2017,HAL (Le Centre pour la Communication Scientifique Directe),B cited by Brossard 2020,Unscented Kalman Filtering on Lie Groups
W7129097357,10.1109/access.2026.3664651,2026,IEEE Access,F cites Brossard 2020 (OpenCitations),A Generalization of Iterative Closest Point Registration Algorithms Using a Local Reference Frame-Based SE(3) Augmentation
W4401415917,10.1109/icra57147.2024.10610938,2024,,F cites X-ICP 2024,COIN-LIO: Complementary Intensity-Augmented LiDAR Inertial Odometry
W4409102120,10.1109/lra.2025.3557296,2025,IEEE Robotics and Automation Letters,F cites X-ICP 2024; F cites TBV 2023,RaI-SLAM: Radar-Inertial SLAM for Autonomous Vehicles
W4406255970,10.1016/j.compag.2024.109885,2025,Computers and Electronics in Agriculture,F cites X-ICP 2024,LiDAR-based 3D SLAM for autonomous navigation in stacked cage farming houses: An evaluation
W4406800215,10.3390/s25030712,2025,Sensors,F cites X-ICP 2024,A Review of Simultaneous Localization and Mapping for the Robotic-Based Nondestructive Evaluation of Infrastructures
W4413267638,10.1109/tro.2025.3593079,2025,IEEE Transactions on Robotics,F cites X-ICP 2024,Continuous-Time State Estimation Methods in Robotics: A Survey
W4401673423,10.1016/j.compbiomed.2024.109025,2024,Computers in Biology and Medicine,F cites X-ICP 2024,A cross-temporal multimodal fusion system based on deep learning for orthodontic monitoring
W4401416828,10.1109/icra57147.2024.10610340,2024,,F cites X-ICP 2024,A Point-to-distribution Degeneracy Detection Factor for LiDAR SLAM using Local Geometric Models
W4404874276,10.1016/j.tust.2024.106270,2024,Tunnelling and Underground Space Technology,F cites X-ICP 2024,A novel global re-localization method for underground mining vehicles in haulage roadways: A case study of solid-state LiDAR-equipped load-haul-dump vehicles
W4412988152,10.1016/j.egyai.2025.100570,2025,Energy and AI,F cites X-ICP 2024,Cyber-physical-human systems for mobile robots in energy asset management: Current practices and future opportunities
W7134258410,10.1002/rob.70154,2026,Journal of Field Robotics,F cites X-ICP 2024,Autonomous Driving in Unstructured Off‐Road Environments: How Far Have We Come?
W4407638309,10.1109/jiot.2025.3542373,2025,IEEE Internet of Things Journal,F cites X-ICP 2024,Artemis: Contour-Guided 3-D Sensing and Localization With mmWave Radar for Infrastructure-Assisted Autonomous Vehicles
W4413917088,10.1109/icra55743.2025.11127798,2025,,F cites X-ICP 2024,SLABIM: A SLAM-BIM Coupled Dataset in HKUST Main Building
W4415471706,10.1038/s41598-025-21053-y,2025,Scientific Reports,F cites X-ICP 2024,Research on multimodal data enhanced SLAM algorithm for global mapping of underground coal mines
W4403721627,10.1109/lra.2024.3486189,2024,IEEE Robotics and Automation Letters,F cites X-ICP 2024,Robust High-Speed State Estimation for Off-Road Navigation Using Radar Velocity Factors
W4403390117,10.1109/tii.2024.3470893,2024,IEEE Transactions on Industrial Informatics,F cites X-ICP 2024,Hierarchical and Validated Branch-and-Bound Method for Global Point Cloud Registration
W4405056746,10.1109/les.2024.3442927,2024,IEEE Embedded Systems Letters,F cites X-ICP 2024,ML-Based Fast and Precise Embedded Rack Detection Software for Docking and Transport of Autonomous Mobile Robots Using 2-D LiDAR
W4406181164,10.3390/rs17020195,2025,Remote Sensing,F cites X-ICP 2024,Gradient Enhancement Techniques and Motion Consistency Constraints for Moving Object Segmentation in 3D LiDAR Point Clouds
W4413244398,10.3390/s25164890,2025,Sensors,F cites X-ICP 2024,Three-Dimensional Point Cloud Reconstruction of Unstructured Terrain for Autonomous Robots
W4417249001,10.1109/tim.2025.3643077,2025,IEEE Transactions on Instrumentation and Measurement,F cites X-ICP 2024,Saliency-LOAM: Saliency-Based LiDAR Odometry and Mapping
W7155076544,10.1016/j.isprsjprs.2026.04.007,2026,ISPRS Journal of Photogrammetry and Remote Sensing,F cites X-ICP 2024,AGI-LO: Adaptive Geometric-Intensity LiDAR odometry for tunnel-like degraded environments
W4396875943,10.1109/aero58975.2024.10521170,2024,,F cites X-ICP 2024,ROAMER: Robust Offroad Autonomy using Multimodal State Estimation with Radar Velocity Integration
W4403677524,10.1109/et63133.2024.10721546,2024,,F cites X-ICP 2024,Simulation Environment for the Evaluation of LiDAR Odometry Algorithms
W4410781509,10.1002/rob.22598,2025,Journal of Field Robotics,F cites X-ICP 2024,Improved Robot Localization and Mapping Using Adaptive Tuna Schooling Optimization With Sensor Fusion Techniques
W4413402796,10.1016/j.measurement.2025.118756,2025,Measurement,F cites X-ICP 2024,An accurate point cloud registration method based on adaptive weighting of point-pair distance and shape features for underground coal mines
W4413452482,10.1016/j.robot.2025.105166,2025,Robotics and Autonomous Systems,F cites X-ICP 2024,Maritime scene matching for inter-robot localization across surface and underwater domains
W4417131275,10.1109/jsen.2025.3638811,2025,IEEE Sensors Journal,F cites X-ICP 2024,Planar Marker Recognition-Based AMR Localization and Docking Method for Multirobot Cooperation in Indoor Factory Construction
W4409311133,10.1109/access.2025.3559081,2025,IEEE Access,F cites X-ICP 2024,PPLIO: Plane-to-Plane LiDAR-Inertial Odometry With Multi-View Constraint in Real-Time
W4412943150,10.3390/rs17152656,2025,Remote Sensing,F cites X-ICP 2024,Small but Mighty: A Lightweight Feature Enhancement Strategy for LiDAR Odometry in Challenging Environments
W4413287007,10.3390/rs17162850,2025,Remote Sensing,F cites X-ICP 2024,A Lightweight LiDAR–Visual Odometry Based on Centroid Distance in a Similar Indoor Environment
W4413677544,10.1109/tvt.2025.3603172,2025,IEEE Transactions on Vehicular Technology,F cites X-ICP 2024,Frequency Domain Transformation-Aided LiDAR-Inertial Pose Estimation for Autonomous Vehicles Using Implicit Neural Map
W4416429367,10.1109/tim.2025.3635313,2025,IEEE Transactions on Instrumentation and Measurement,F cites X-ICP 2024,A Robust LiDAR Localization Method for Complex Underground Spaces Using Gaussian-Blurred Normal Distributions Transform Maps
W7128309077,10.1109/tim.2026.3660431,2026,IEEE Transactions on Instrumentation and Measurement,F cites X-ICP 2024,DG-KILO: A Kinematic-Inertial-LiDAR Odometry Based on Degradation Optimization and Ground Constraints for State Estimation of Legged Robots
W7133202279,10.1007/s11370-026-00706-5,2026,Intelligent Service Robotics,F cites X-ICP 2024,A LiDAR-inertial SLAM system based on multi-line feature enhancement and tightly coupled optimization
W7135207260,10.3390/s26061810,2026,Sensors,F cites X-ICP 2024,VINA-SLAM: A Voxel-Based Inertial and Normal-Aligned LiDAR–IMU SLAM
W7154608350,10.3390/electronics15081669,2026,Electronics,F cites X-ICP 2024,3D-IMB-APDR: Inertial-Geomagnetic-Barometric-Based Adaptive Infrastructure-Free 3D Pedestrian Dead Reckoning Method
W4414054440,10.1109/hsi66212.2025.11142393,2025,,F cites X-ICP 2024,Dimensionality-Aware GICP: 4D Hilbert Curve Approach Using Hellinger Distance
W4390506280,10.2139/ssrn.4681616,2024,SSRN Electronic Journal,F cites X-ICP 2024,"Novel Direct Multi-View Terrestrial Laser Scanner Data Registration Using Range, Polar and Azimuthal Angles Uncertainties"
W4399110981,10.2139/ssrn.4846554,2024,SSRN Electronic Journal,F cites X-ICP 2024,"Novel Direct Multi-View Terrestrial Laser Scanner Data Registration Using Range, Polar and Azimuthal Angles Uncertainties"
W4408696318,10.1109/itsc58415.2024.10919196,2024,,F cites X-ICP 2024,Robust Localization for Autonomous Vehicles via Multisensor Fusion
W4408713690,10.1109/itsc58415.2024.10919493,2024,,F cites X-ICP 2024,Robust Vehicle Localization and Tracking in Rain Using Street Maps
W4411844500,10.1002/rob.22612,2025,Journal of Field Robotics,F cites X-ICP 2024,An Enhanced Navigation System With Predictive Motion Planning for Unmanned Surface Vehicles in GNSS‐Attenuated Dynamic Urban Waterways
W4413789810,10.2139/ssrn.5412661,2025,SSRN Electronic Journal,F cites X-ICP 2024,Deep feature-enhanced LiDAR-visual-inertial odometry for robotic inspection and mapping in degraded tunnel environments
W4413790087,10.2139/ssrn.5412662,2025,SSRN Electronic Journal,F cites X-ICP 2024,Deep feature-enhanced LiDAR-visual-inertial odometry for robotic inspection and mapping in degraded tunnel environments
W4413980682,10.1109/rcar65431.2025.11139725,2025,,F cites X-ICP 2024,EA2D-LSLAM: Environment Analysis-Based Adaptive Downsampling for Point Clouds in LiDAR SLAM
W4416750734,10.1109/iros60139.2025.11247590,2025,,F cites X-ICP 2024,"RAVES-Calib: Robust, Accurate and Versatile Extrinsic Self Calibration Using Optimal Geometric Features"
W4417027454,10.1016/j.ast.2025.111323,2025,Aerospace Science and Technology,F cites X-ICP 2024,Degeneracy-resilient registration and loop closure detection for a tumbling non-cooperative space target
W4417258396,10.1016/j.measurement.2025.120054,2025,Measurement,F cites X-ICP 2024,Geometric positioning accuracy improvement of Space-Borne SAR based on ICESAT-2 and DEM data
W7117960953,10.1007/978-981-95-4053-2_34,2026,Lecture notes in electrical engineering,F cites X-ICP 2024,LiDAR Odometry Based on Wheel Encoder in Degenerate Environments
W7119090413,10.4271/2025-01-7303,2025,SAE technical papers on CD-ROM/SAE technical paper series,F cites X-ICP 2024,LLS-SMGSC: A Lidar Localization System Based on Simplified Maps Integrated with Global Search Capabilities
W7124981518,10.1109/icitee66631.2025.11338230,2025,,F cites X-ICP 2024,Robust 3D LIDAR Point Cloud Registration Using Uncertainty-Aware Generalized Iterative Closest Point with Voxel-Based Efficiency
W7128504509,10.1109/jiot.2026.3663438,2026,IEEE Internet of Things Journal,F cites X-ICP 2024,AD-LIO: Adaptive Voxel LiDAR–Inertial Odometry Based on Scene Degradation Factor
W7128737756,10.2139/ssrn.6227032,2026,SSRN Electronic Journal,F cites X-ICP 2024,Physics–Geometry Coupled LiDAR–Inertial Odometry under Concurrent Degeneracy
W7128784214,10.1016/j.autcon.2026.106825,2026,Automation in Construction,F cites X-ICP 2024,Deep feature-enhanced LiDAR-visual-inertial odometry for robust mapping in tunnel environment
W7133122884,10.1016/j.measurement.2026.121012,2026,Measurement,F cites X-ICP 2024,Intensity-enhanced LiDAR-inertial odometry with gradient flow sampling for degraded environments
W7151243611,10.1109/lra.2026.3681161,2026,IEEE Robotics and Automation Letters,F cites X-ICP 2024,GLINS: GNSS-LiDAR-INS Integrated Navigation System
W7151352195,10.1109/jsen.2026.3679747,2026,IEEE Sensors Journal,F cites X-ICP 2024,LUNA: A Low-SNR Acoustic Localization and Orientation Framework for UAVs
W7155042899,10.1007/s11432-025-4852-4,2026,Science China Information Sciences,F cites X-ICP 2024,Cognitive navigation
W7155554048,10.1088/1361-6501/ae646d,2026,Measurement Science and Technology,F cites X-ICP 2024,MDR-SLAM: multi-module degeneracy-resistant SLAM for robustness enhancement in diverse degenerate scenarios
W7155746939,10.1007/978-981-95-6736-2_36,2026,Communications in computer and information science,F cites X-ICP 2024,A Hierarchical Plane-Quadric Surface Fitting Based Framework for Real-Time LiDAR Point Cloud Compression
W7159573519,10.1109/cac67268.2025.11487741,2025,,F cites X-ICP 2024,Research on the Integrated Navigation Method Combining Measurement Delay Compensation
W7161037655,10.3724/bnsfc-2025-0154,2026,中国科学基金,F cites X-ICP 2024,Basic Research on Physical Intelligent System for Extreme Environment
W7161977492,10.1109/lra.2026.3726372,2026,IEEE Robotics and Automation Letters,F cites X-ICP 2024,EllipseLIO: Adaptive LiDAR Inertial Odometry With an Ellipsoid Representation
W7162029547,10.1088/1742-6596/3226/1/012025,2026,Journal of Physics Conference Series,F cites X-ICP 2024,Intensity-aided degeneracy-resilient LiDAR–inertial odometry for GNSS-denied pipeline inspection
W7162078204,10.1016/j.isprsjprs.2026.05.031,2026,ISPRS Journal of Photogrammetry and Remote Sensing,F cites X-ICP 2024,Fuse only what matters: Degeneracy-aware multi-sensor fusion for LiDAR-Inertial-Visual SLAM
W7162258079,10.1007/978-3-032-17804-6_4,2026,"Smart sensors, measurement and instrumentation",F cites X-ICP 2024,Advances in Vision and Depth Sensing for Robotics and Drones: Emerging Technologies and Applications
W7163061452,10.1002/rob.70254,2026,Journal of Field Robotics,F cites X-ICP 2024,Performance Evaluation of Different Laser SLAM Algorithms for Unmanned Mining Vehicles
W7164127078,10.1016/j.inffus.2026.104538,2026,Information Fusion,F cites X-ICP 2024,Leap-SLAM: Degeneracy-mitigated robust SLAM with leapfrogging multi-robot collaboration in tunnels
W7164888101,10.1109/wcnc65185.2026.11555577,2026,,F cites X-ICP 2024,Optimized Deployment of HAPS Systems for GNSS Localization Enhancement in Urban Environments
W7165156700,10.1088/1361-6501/ae7f3a,2026,Measurement Science and Technology,F cites X-ICP 2024,Tightly-coupled LiDAR-inertial-visual odometry with dual-confidence fusion and degradation awareness
W7165727690,10.1109/ccdc69976.2026.11560438,2026,,F cites X-ICP 2024,A Localization Method for Warehouse Environment Based on Fusion of Scan Context Descriptors and Reflective Pillars
W7167696513,10.1109/lsp.2026.3711527,2026,IEEE Signal Processing Letters,F cites X-ICP 2024,FS-DICP: A Fast and Simple Point-to-Point Iterative Closest Point Algorithm With Doppler Velocity
W7168123173,10.1109/tgrs.2026.3712807,2026,IEEE Transactions on Geoscience and Remote Sensing,F cites X-ICP 2024,CC-ICP: Cylinder-Constrained Iterative Closest Point for Robust Forest Point Cloud Registration
W7169796854,10.1016/j.ress.2026.113154,2026,Reliability Engineering & System Safety,F cites X-ICP 2024,Reliability-aware multimodal fusion for robust information processing in uncertain industrial environments
W7170517041,10.1109/jsen.2026.3714871,2026,IEEE Sensors Journal,F cites X-ICP 2024,Residual Reweighting With Scan Normalization for LiDAR-Inertial Odometry in Degenerate Environments
W7202097010,10.1016/j.measurement.2026.122838,2026,Measurement,F cites X-ICP 2024,Robust SLAM for underground mines via anisotropic degeneracy perception and Cross-Modal consensus arbitration
W7203888859,10.1109/lra.2026.3726370,2026,IEEE Robotics and Automation Letters,F cites X-ICP 2024,ToF-Wheel Odometry: Navigating Degeneration of Localization With Limited Sensing Capabilities
W7203943559,10.1109/tim.2026.3726217,2026,IEEE Transactions on Instrumentation and Measurement,F cites X-ICP 2024,HT-LIO: Robust Hybrid Multiscale Planar and Thickness-Constrained LiDAR–Inertial Odometry for Pose Measurement
W7207529710,10.1016/j.robot.2026.105707,2026,Robotics and Autonomous Systems,F cites X-ICP 2024,A Bayesian network framework based on Localization Risk Maps for anticipating and minimizing localization errors
W2150066425,10.1109/cvpr.2012.6248074,2012,,B cited by X-ICP 2024; B cited by OverlapNet 2020; B cited by TBV 2023,Are we ready for autonomous driving? The KITTI vision benchmark suite
W1669104078,10.1016/c2013-0-10366-2,1982,Elsevier eBooks,B cited by X-ICP 2024,Constrained Optimization and Lagrange Multiplier Methods
W2021851106,10.1109/iros.2012.6385773,2012,,B cited by X-ICP 2024,A benchmark for the evaluation of RGB-D SLAM systems
W2296228853,10.15607/rss.2014.x.007,2014,,B cited by X-ICP 2024; B cited by CorAl 2022,LOAM: Lidar Odometry and Mapping in Real-time
W2083624955,10.1117/12.57955,1992,"Proceedings of SPIE, the International Society for Optical Engineering/Proceedings of SPIE",B cited by X-ICP 2024,Method for registration of 3-D shapes
W2170798597,10.1007/0-306-47815-3_5,2005,Kluwer Academic Publishers eBooks,B cited by X-ICP 2024,Singular Value Decomposition and Principal Component Analysis
W3111598592,10.1109/tro.2020.3033695,2020,IEEE Transactions on Robotics,B cited by X-ICP 2024,TEASER: Fast and Certifiable Point Cloud Registration
W2130763585,10.1109/robot.2008.4543181,2008,,B cited by X-ICP 2024,An ICP variant using a point-to-line metric
W2107528150,10.1111/cgf.12178,2013,Computer Graphics Forum,B cited by X-ICP 2024,Sparse Iterative Closest Point
W2805521962,10.15607/rss.2018.xiv.016,2018,,B cited by X-ICP 2024; B cited by OverlapNet 2020; B cited by TBV 2023,Efficient Surfel-Based SLAM using 3D Laser Range Data in Urban Environments
W2103420503,,2004,,B cited by X-ICP 2024,Linear Least-Squares Optimization for Point-to-Plane ICP Surface Registration
W2103544971,10.1109/im.2003.1240258,2004,,B cited by X-ICP 2024,Geometrically stable sampling for the ICP algorithm
W2764255492,10.1080/01691864.2017.1378591,2017,Advanced Robotics,B cited by X-ICP 2024,ANYmal - toward legged robots for harsh environments
W2973258311,10.1109/lra.2020.2965893,2020,IEEE Robotics and Automation Letters,B cited by X-ICP 2024,Graduated Non-Convexity for Robust Spatial Perception: From Non-Minimal Solvers to Global Outlier Rejection
W3132401233,10.1109/iros45743.2020.9340849,2020,Iris (University of Trento),B cited by X-ICP 2024,"The Newer College Dataset: Handheld LiDAR, Inertial and Vision with Ground Truth"
W2961443823,10.1145/3306346.3323037,2019,ACM Transactions on Graphics,B cited by X-ICP 2024,A symmetric objective function for ICP
W2737100565,10.1109/icra.2017.7989739,2017,,B cited by X-ICP 2024,Robust localization and localizability estimation with a rotating laser scanner
W2180077832,10.1109/iros.2015.7353364,2015,,B cited by X-ICP 2024,Lagrangian duality in 3D SLAM: Verification techniques and optimal solutions
W2981874330,10.1109/iccv.2019.00175,2019,,B cited by X-ICP 2024,A Quaternion-Based Certifiably Optimal Solution to the Wahba Problem With Outliers
W2025836747,10.1002/nla.320,2003,Numerical Linear Algebra with Applications,B cited by X-ICP 2024,A robust incomplete factorization preconditioner for positive definite matrices
W2768737714,10.1109/lra.2017.2776340,2017,IEEE Robotics and Automation Letters,B cited by X-ICP 2024,The Two-State Implicit Filter Recursive Estimation for Mobile Robots
W2794030229,10.1109/tase.2018.2802725,2018,IEEE Transactions on Automation Science and Engineering,B cited by X-ICP 2024,DNSS: Dual-Normal-Space Sampling for 3-D ICP Registration
W1782428364,10.1115/1.4031335,2015,Journal of Manufacturing Science and Engineering,B cited by X-ICP 2024,Improvements to the Iterative Closest Point Algorithm for Shape Registration in Manufacturing
W2135948001,10.1109/icpr.2008.4761896,2008,Proceedings - International Conference on Pattern Recognition/Proceedings/International Conference on Pattern Recognition,B cited by X-ICP 2024,Solving quadratically constrained geometrical problems using lagrangian duality
W3035274187,10.1109/access.2020.3001177,2020,IEEE Access,B cited by X-ICP 2024,A Prediction Method of Localizability Based on Deep Learning
W3010505081,,2018,Dialnet (Universidad de la Rioja),B cited by X-ICP 2024,"On the uncertainty in active slam: representation, propagation and monotonicity"
W2168393172,10.1109/71.663864,1998,IEEE Transactions on Parallel and Distributed Systems,B cited by X-ICP 2024,Efficient sparse LU factorization with partial pivoting on distributed memory architectures
W2301814014,10.3929/ethz-a-009932416,2013,Repository for Publications and Research Data (ETH Zurich),B cited by X-ICP 2024,Applied registration for robotics: Methodology and tools for ICP-like algorithms
W4249866455,10.15607/rss.2009.v.021,2009,,B cited by X-ICP 2024,Generalized-ICP
W4315778466,10.1109/lra.2023.3236571,2023,IEEE Robotics and Automation Letters,B cited by X-ICP 2024; B cited by TBV 2023,"KISS-ICP: In Defense of Point-to-Point ICP – Simple, Accurate, and Robust Registration If Done the Right Way"
W3203066970,10.1109/icra46639.2022.9811849,2022,2022 International Conference on Robotics and Automation (ICRA),B cited by X-ICP 2024; F cites OverlapNet 2020,CT-ICP: Real-time Elastic LiDAR Odometry with Loop Closure
W3192680689,10.1007/s10514-021-09999-0,2021,Autonomous Robots,B cited by X-ICP 2024; F cites OverlapNet 2020,OverlapNet: a siamese network for computing LiDAR scan similarity with applications to loop closing and localization
W3200664388,10.1109/lra.2022.3183759,2022,IEEE Robotics and Automation Letters,B cited by X-ICP 2024,The Hilti SLAM Challenge Dataset
W4285102484,10.1109/icra46639.2022.9812386,2022,2022 International Conference on Robotics and Automation (ICRA),B cited by X-ICP 2024,Graph-based Multi-sensor Fusion for Consistent Localization of Autonomous Construction Robots
W3169329286,10.1007/978-981-33-6129-4_12,2021,Algorithms for intelligent systems,B cited by X-ICP 2024,SLAM Algorithm: Overview and Evaluation in a Heterogeneous System
W3197213363,10.1109/rcar52367.2021.9517084,2021,,B cited by X-ICP 2024,A Localizability Estimation Method for Mobile Robots Based on 3D Point Cloud Feature
W4226182696,10.1109/robio54168.2021.9739392,2021,2021 IEEE International Conference on Robotics and Biomimetics (ROBIO),B cited by X-ICP 2024,Efficient Feature Extraction and Localizability Based Matching for Lidar SLAM
W4281682914,10.48550/arxiv.2205.12595,2022,arXiv (Cornell University),B cited by X-ICP 2024,Wildcat: Online Continuous-Time 3D Lidar-Inertial SLAM
W4411048277,10.1016/j.jai.2025.05.003,2025,Journal of Automation and Intelligence,F cites X-ICP 2024 (OpenCitations),Tire wear aware trajectory tracking control for Multi-axle Swerve-drive Autonomous Mobile Robots
W7118181139,10.3390/ijgi15010022,2026,ISPRS International Journal of Geo-Information,F cites X-ICP 2024 (OpenCitations),Robust Geometry–Hue Point Cloud Registration via Hybrid Adaptive Residual Optimization
W3039808820,10.15607/rss.2020.xvi.009,2020,,anchor OverlapNet 2020,OverlapNet: Loop Closing for LiDAR-based SLAM
W3207826836,10.1109/icra48506.2021.9561364,2021,,F cites OverlapNet 2020,MULLS: Versatile LiDAR SLAM via Multi-metric Linear Least Square
W4285147600,10.1109/lra.2022.3178797,2022,IEEE Robotics and Automation Letters,F cites OverlapNet 2020,OverlapTransformer: An Efficient and Yaw-Angle-Invariant Transformer Network for LiDAR-Based Place Recognition
W3152786524,10.1177/02783649211006735,2021,The International Journal of Robotics Research,F cites OverlapNet 2020,Towards 3D LiDAR-based semantic scene understanding of 3D point cloud sequences: The SemanticKITTI Dataset
W3135374165,10.1109/access.2021.3062557,2021,IEEE Access,F cites OverlapNet 2020,Critical Design and Control Issues of Indoor Autonomous Mobile Robots: A Review
W4286373328,10.1109/tiv.2022.3192102,2022,IEEE Transactions on Intelligent Vehicles,F cites OverlapNet 2020,A Survey on Map-Based Localization Techniques for Autonomous Vehicles
W3127368595,10.1109/lra.2021.3059567,2021,IEEE Robotics and Automation Letters,F cites OverlapNet 2020,Intensity-SLAM: Intensity Assisted Localization and Mapping for Large Scale Environment
W4392515775,10.1007/s11263-024-02019-5,2024,International Journal of Computer Vision,F cites OverlapNet 2020; F cites CorAl 2022,"A Survey on Global LiDAR Localization: Challenges, Advances and Open Problems"
W3177271542,10.1109/iros51168.2021.9635904,2021,2021 IEEE/RSJ International Conference on Intelligent Robots and Systems (IROS),F cites OverlapNet 2020,SSC: Semantic Scan Context for Large-Scale Place Recognition
W4388240444,10.1109/lgrs.2023.3329687,2023,IEEE Geoscience and Remote Sensing Letters,F cites OverlapNet 2020,Scene Overlap Prediction for LiDAR-Based Place Recognition
W3207344666,10.1109/icra48506.2021.9560932,2021,,F cites OverlapNet 2020,NDT-Transformer: Large-Scale 3D Point Cloud Localisation using the Normal Distribution Transform Representation
W4383066341,10.1109/icra48891.2023.10160413,2023,,F cites OverlapNet 2020,STD: Stable Triangle Descriptor for 3D place recognition
W4309591753,10.1109/lra.2022.3221336,2022,IEEE Robotics and Automation Letters,F cites OverlapNet 2020,BoW3D: Bag of Words for Real-Time Loop Closing in 3D LiDAR SLAM
W3130266661,10.1109/lra.2021.3060741,2021,IEEE Robotics and Automation Letters,F cites OverlapNet 2020,DiSCO: Differentiable Scan Context With Orientation
W3205251654,10.1109/icra48506.2021.9560884,2021,,F cites OverlapNet 2020,SA-LOAM: Semantic-aided LiDAR SLAM with Loop Closure
W3179694074,10.1109/lra.2021.3091386,2021,IEEE Robotics and Automation Letters,F cites OverlapNet 2020,BVMatch: Lidar-Based Place Recognition Using Bird's-Eye View Images
W4390873617,10.1109/iccv51070.2023.00799,2023,,F cites OverlapNet 2020,BEVPlace: Learning LiDAR-based Place Recognition using Bird’s Eye View Images
W4385975620,10.1109/tro.2023.3303035,2023,IEEE Transactions on Robotics,F cites OverlapNet 2020,RING++: Roto-Translation Invariant Gram for Global Localization on a Sparse Scan Map
W4390872751,10.1109/iccv51070.2023.00777,2023,,F cites OverlapNet 2020,CASSPR: Cross Attention Single Scan Place Recognition
W4211040010,10.1109/lra.2022.3150499,2022,IEEE Robotics and Automation Letters,F cites OverlapNet 2020,RINet: Efficient 3D Lidar-Based Place Recognition Using Rotation Invariant Neural Network
W3206411252,10.1109/icra48506.2021.9562105,2021,,F cites OverlapNet 2020,Robust Place Recognition using an Imaging Lidar
W4312584283,10.1109/tie.2022.3229385,2022,IEEE Transactions on Industrial Electronics,F cites OverlapNet 2020,SeqOT: A Spatial–Temporal Transformer Network for Place Recognition Using Sequential LiDAR Data
W3195006234,10.1109/lra.2021.3097275,2021,IEEE Robotics and Automation Letters,F cites OverlapNet 2020,Keypoint Matching for Point Cloud Registration Using Multiplex Dynamic Graph Attention Networks
W3197054068,10.3390/rs13163340,2021,Remote Sensing,F cites OverlapNet 2020,DV-LOAM: Direct Visual LiDAR Odometry and Mapping
W4200355487,10.1109/iros51168.2021.9636624,2021,2021 IEEE/RSJ International Conference on Intelligent Robots and Systems (IROS),F cites OverlapNet 2020,RF-LIO: Removal-First Tightly-coupled Lidar Inertial Odometry in High Dynamic Environments
W4393864935,10.1177/02783649241242136,2024,The International Journal of Robotics Research,F cites OverlapNet 2020,HeLiPR: Heterogeneous LiDAR dataset for inter-LiDAR place recognition under spatiotemporal variations
W3186380594,10.1109/icra46639.2022.9811916,2022,2022 International Conference on Robotics and Automation (ICRA),F cites OverlapNet 2020,LT-mapper: A Modular Framework for LiDAR-based Lifelong Mapping
W3209386405,10.1109/lra.2021.3133593,2021,IEEE Robotics and Automation Letters,F cites OverlapNet 2020,EgoNN: Egocentric Neural Network for Point Cloud Based 6DoF Relocalization at the City Scale
W4411948482,10.1109/tro.2025.3585385,2025,IEEE Transactions on Robotics,F cites OverlapNet 2020,"BEVPlace++: Fast, Robust, and Lightweight LiDAR Global Localization for Autonomous Ground Vehicles"
W4200631299,10.1109/lra.2021.3136863,2021,IEEE Robotics and Automation Letters,F cites OverlapNet 2020,"MinkLoc3D-SI: 3D LiDAR Place Recognition With Sparse Convolutions, Spherical Coordinates, and Intensity"
W4225014995,10.1016/j.compag.2022.106966,2022,Computers and Electronics in Agriculture,F cites OverlapNet 2020,GNSS-IMU-assisted colored ICP for UAV-LiDAR point cloud registration of peach trees
W4383097620,10.1109/icra48891.2023.10160337,2023,,F cites OverlapNet 2020,Contour Context: Abstract Structural Distribution for 3D LiDAR Loop Detection and Metric Pose Estimation
W4404692224,10.3390/s24237490,2024,Sensors,F cites OverlapNet 2020,Advancements in Sensor Fusion for Underwater SLAM: A Review on Enhanced Navigation and Environmental Perception
W4392545523,10.1007/s10462-024-10713-6,2024,Artificial Intelligence Review,F cites OverlapNet 2020,3D point cloud-based place recognition: a survey
W4220786440,10.1016/j.measurement.2022.111030,2022,Measurement,F cites OverlapNet 2020,Visual-Inertial Image-Odometry Network (VIIONet): A Gaussian process regression-based deep architecture proposal for UAV pose estimation
W4385486101,10.1109/tro.2023.3290448,2023,IEEE Transactions on Robotics,F cites OverlapNet 2020,AutoMerge: A Framework for Map Assembling and Smoothing in City-Scale Environments
W4408000594,10.3390/s25051447,2025,Sensors,F cites OverlapNet 2020,A Review of Research on SLAM Technology Based on the Fusion of LiDAR and Vision
W4226275201,10.1109/tiv.2022.3169153,2022,IEEE Transactions on Intelligent Vehicles,F cites OverlapNet 2020,LiDAR-Based Global Localization Using Histogram of Orientations of Principal Normals
W4401416545,10.1109/icra57147.2024.10610962,2024,,F cites OverlapNet 2020,Effectively Detecting Loop Closures using Point Cloud Density Maps
W3207409390,10.1016/j.isprsjprs.2021.09.020,2021,ISPRS Journal of Photogrammetry and Remote Sensing,F cites OverlapNet 2020,Simple loop closing for continuous 6DOF LIDAR&IMU graph SLAM with planar features for indoor environments
W4392810816,10.1111/2041-210x.14307,2024,Methods in Ecology and Evolution,F cites OverlapNet 2020,Scalable semantic 3D mapping of coral reefs with deep learning
W4402027501,10.1109/tim.2024.3427795,2024,IEEE Transactions on Instrumentation and Measurement,F cites OverlapNet 2020,IGE-LIO: Intensity Gradient Enhanced Tightly Coupled LiDAR-Inertial Odometry
W4285102223,10.1109/icra46639.2022.9811785,2022,2022 International Conference on Robotics and Automation (ICRA),F cites OverlapNet 2020,Retriever: Point Cloud Retrieval in Compressed 3D Maps
W4392607711,10.1109/lra.2024.3373235,2024,IEEE Robotics and Automation Letters,F cites OverlapNet 2020,Mobile-Seed: Joint Semantic Segmentation and Boundary Detection for Mobile Robots
W4406038308,10.1002/rob.22505,2025,Journal of Field Robotics,F cites OverlapNet 2020,ROLO‐SLAM: Rotation‐Optimized LiDAR‐Only SLAM in Uneven Terrain With Ground Vehicle
W4401702147,10.3390/en17164106,2024,Energies,F cites OverlapNet 2020,Review on Security Range Perception Methods and Path-Planning Techniques for Substation Mobile Robots
W3129252116,10.1109/iros45743.2020.9340769,2020,,F cites OverlapNet 2020,Learning an Overlap-based Observation Model for 3D LiDAR Localization
W3209959857,10.1109/lra.2022.3156940,2022,IEEE Robotics and Automation Letters,F cites OverlapNet 2020,Loop Closure Detection Using Local 3D Deep Descriptors
W3138171450,10.1109/iros51168.2021.9636649,2021,2021 IEEE/RSJ International Conference on Intelligent Robots and Systems (IROS),F cites OverlapNet 2020,Visual Place Recognition using LiDAR Intensity Information
W4298627153,10.1016/j.robot.2022.104283,2022,Robotics and Autonomous Systems,F cites OverlapNet 2020,Online pole segmentation on range images for long-term LiDAR localization in urban environments
W3112454989,10.1109/access.2020.3031867,2020,IEEE Access,F cites OverlapNet 2020,Semantic RGB-D SLAM for Rescue Robot Navigation
W4293150268,10.1109/tvt.2022.3170627,2022,IEEE Transactions on Vehicular Technology,F cites OverlapNet 2020,SeqPolar: Sequence Matching of Polarized LiDAR Map With HMM for Intelligent Vehicle Localization
W3094265892,10.3390/s20216002,2020,Sensors,F cites OverlapNet 2020; B cited by TBV 2023,kRadar++: Coarse-to-Fine FMCW Scanning Radar Localisation
W3127566502,10.3389/frobt.2021.661199,2021,Frontiers in Robotics and AI,F cites OverlapNet 2020; B cited by TBV 2023,Radar-to-Lidar: Heterogeneous Place Recognition via Joint Learning
W3204193097,10.1177/02783649211045736,2021,The International Journal of Robotics Research,F cites OverlapNet 2020; B cited by TBV 2023,Self-supervised learning for using overhead imagery as maps in outdoor range sensor localization
W4312942802,10.1109/iros47612.2022.9981308,2022,2022 IEEE/RSJ International Conference on Intelligent Robots and Systems (IROS),F cites OverlapNet 2020,"One RING to Rule Them All: Radon Sinogram for Place Recognition, Orientation and Translation Estimation"
W4225621014,10.1007/s10514-022-10037-w,2022,Autonomous Robots,F cites OverlapNet 2020,Semantic scan context: a novel semantic-based loop-closure method for LiDAR SLAM
W4313171305,10.1109/iros47612.2022.9981605,2022,2022 IEEE/RSJ International Conference on Intelligent Robots and Systems (IROS),F cites OverlapNet 2020,SectionKey: 3-D Semantic Point Cloud Descriptor for Place Recognition
W4224875477,10.1109/icra46639.2022.9811737,2022,2022 International Conference on Robotics and Automation (ICRA),F cites OverlapNet 2020,HiTPR: Hierarchical Transformer for Place Recognition in Point Cloud
W4312662135,10.1109/iros47612.2022.9981120,2022,2022 IEEE/RSJ International Conference on Intelligent Robots and Systems (IROS),F cites OverlapNet 2020,Learning to Simulate Realistic LiDARs
W4388795921,10.1016/j.isprsjprs.2023.11.005,2023,ISPRS Journal of Photogrammetry and Remote Sensing,F cites OverlapNet 2020,PatchAugNet: Patch feature augmentation-based heterogeneous point cloud place recognition in large-scale street scenes
W4311414007,10.1109/lra.2022.3223555,2022,IEEE Robotics and Automation Letters,F cites OverlapNet 2020,SphereVLAD++: Attention-Based and Signal-Enhanced Viewpoint Invariant Descriptor
W3126857668,10.1109/tie.2021.3057025,2021,IEEE Transactions on Industrial Electronics,F cites OverlapNet 2020,Fast Sequence-Matching Enhanced Viewpoint-Invariant 3-D Place Recognition
W3169503372,10.1109/tmc.2021.3063850,2021,IEEE Transactions on Mobile Computing,F cites OverlapNet 2020,LoRa Backscatter Assisted State Estimator for Micro Aerial Vehicles with Online Initialization
W4389666494,10.1109/iros55552.2023.10341907,2023,,F cites OverlapNet 2020,I2P-Rec: Recognizing Images on Large-Scale Point Cloud Maps Through Bird's Eye View Projections
W4402917217,10.1109/cvprw63382.2024.00457,2024,,F cites OverlapNet 2020,TFNet: Exploiting Temporal Cues for Fast and Accurate LiDAR Semantic Segmentation
W3185790437,10.1109/tiv.2021.3099022,2021,IEEE Transactions on Intelligent Vehicles,F cites OverlapNet 2020,Lightweight Semantic-Aided Localization With Spinning LiDAR Sensor
W4306760020,10.1111/phor.12428,2022,The Photogrammetric Record,F cites OverlapNet 2020,"A unified framework for automated registration of point clouds, mesh surfaces and 3D models by using planar surfaces"
W4313213824,10.1109/lra.2022.3228174,2022,IEEE Robotics and Automation Letters,F cites OverlapNet 2020,KPPR: Exploiting Momentum Contrast for Point Cloud-Based Place Recognition
W4393379578,10.1109/jiot.2024.3383272,2024,IEEE Internet of Things Journal,F cites OverlapNet 2020,SemanticCSLAM: Using Environment Landmarks for Cooperative Simultaneous Localization and Mapping
W4398151456,10.1109/tim.2024.3403194,2024,IEEE Transactions on Instrumentation and Measurement,F cites OverlapNet 2020,3-D LiDAR-Based Place Recognition Techniques: A Review of the Past Ten Years
W4315486625,10.3390/rs15020408,2023,Remote Sensing,F cites OverlapNet 2020,Accuracy Evaluation and Branch Detection Method of 3D Modeling Using Backpack 3D Lidar SLAM and UAV-SfM for Peach Trees during the Pruning Period in Winter
W4391226513,10.1007/s10846-023-02045-4,2024,Journal of Intelligent & Robotic Systems,F cites OverlapNet 2020,Communication-Aware Control of Large Data Transmissions via Centralized Cognition and 5G Networks for Multi-Robot Map merging
W4403977831,10.3390/s24217034,2024,Sensors,F cites OverlapNet 2020,Enhancing Underwater SLAM Navigation and Perception: A Comprehensive Review of Deep Learning Integration
W4400314601,10.1109/tiv.2024.3423392,2024,IEEE Transactions on Intelligent Vehicles,F cites OverlapNet 2020,C2L-PR: Cross-Modal Camera-to-LiDAR Place Recognition via Modality Alignment and Orientation Voting
W4396512524,10.1142/s230138502530001x,2024,Unmanned Systems,F cites OverlapNet 2020,3D ToF LiDAR for Mobile Robotics in Harsh Environments: A Review
W4400487989,10.1109/tits.2024.3421375,2024,IEEE Transactions on Intelligent Transportation Systems,F cites OverlapNet 2020,MVSE-Net: A Multi-View Deep Network With Semantic Embedding for LiDAR Place Recognition
W4401416945,10.1109/icra57147.2024.10610626,2024,,F cites OverlapNet 2020,RaLF: Flow-based Global and Metric Radar Localization in LiDAR Maps
W4405429468,10.1109/jiot.2024.3517699,2024,IEEE Internet of Things Journal,F cites OverlapNet 2020,TextGeo-SLAM: A LiDAR SLAM With Text Semantics and Geometric-Constraint-Based Loop Closure
W4388692155,10.1109/tiv.2023.3332860,2023,IEEE Transactions on Intelligent Vehicles,F cites OverlapNet 2020,A Reliable Position Estimation Methodology Based on Multi-Source Information for Intelligent Vehicles in Unknown Environment
W4408504548,10.3390/rs17061057,2025,Remote Sensing,F cites OverlapNet 2020,R2SCAT-LPR: Rotation-Robust Network with Self- and Cross-Attention Transformers for LiDAR-Based Place Recognition
W4404914417,10.1109/tcsvt.2024.3509870,2024,IEEE Transactions on Circuits and Systems for Video Technology,F cites OverlapNet 2020,CCTNet: A Circular Convolutional Transformer Network for LiDAR-Based Place Recognition Handling Movable Objects Occlusion
W4413146613,10.1109/cvpr52734.2025.00624,2025,,F cites OverlapNet 2020,ForestLPR: LiDAR Place Recognition in Forests Attentioning Multiple BEV Density Images
W4413146017,10.1109/cvpr52734.2025.01094,2025,,F cites OverlapNet 2020,Multi-Modal Aerial-Ground Cross-View Place Recognition with Neural ODEs
W4413925811,10.1109/icra55743.2025.11127677,2025,,F cites OverlapNet 2020,Helios: Heterogeneous Lidar Place Recognition via Overlap-Based Learning and Local Spherical Transformer
W3191365169,10.3390/s21165340,2021,Sensors,F cites OverlapNet 2020,Graph SLAM Built over Point Clouds Matching for Robot Localization in Tunnels
W4213415085,10.1109/jsen.2022.3153900,2022,IEEE Sensors Journal,F cites OverlapNet 2020,Design of Dual-LiDAR High Precision Natural Navigation System
W4225847449,10.1109/tie.2022.3163511,2022,IEEE Transactions on Industrial Electronics,F cites OverlapNet 2020,Simultaneous Viewpoint- and Condition-Invariant Loop Closure Detection Based on LiDAR Descriptor for Outdoor Large-Scale Environments
W3153260089,10.1109/tie.2021.3070497,2021,IEEE Transactions on Industrial Electronics,F cites OverlapNet 2020,COSEM: Collaborative Semantic Map Matching Framework for Autonomous Robots
W3207483031,10.1109/icra48506.2021.9560740,2021,,F cites OverlapNet 2020,LiDAR-Based Initial Global Localization Using Two-Dimensional (2D) Submap Projection Image (SPI)
W4210792614,10.3390/s22031191,2022,Sensors,F cites OverlapNet 2020,From Perception to Navigation in Environments with Persons: An Indoor Evaluation of the State of the Art
W4312803601,10.1109/iros47612.2022.9981388,2022,2022 IEEE/RSJ International Conference on Intelligent Robots and Systems (IROS),F cites OverlapNet 2020,D-LC-Nets: Robust Denoising and Loop Closing Networks for LiDAR SLAM in Complicated Circumstances with Noisy Point Clouds
W3165312539,10.1109/icra48506.2021.9561335,2021,,F cites OverlapNet 2020,Range Image-based LiDAR Localization for Autonomous Vehicles
W4226052415,10.1109/tie.2022.3169849,2022,IEEE Transactions on Industrial Electronics,F cites OverlapNet 2020,Learning a Novel LiDAR Submap-Based Observation Model for Global Positioning in Long-Term Changing Environments
W4311053350,10.3390/s22239362,2022,Sensors,F cites OverlapNet 2020,SLAM Back-End Optimization Algorithm Based on Vision Fusion IPS
W4390933031,10.3390/s24020551,2024,Sensors,F cites OverlapNet 2020,"LeGO-LOAM-FN: An Improved Simultaneous Localization and Mapping Method Fusing LeGO-LOAM, Faster_GICP and NDT in Complex Orchard Environments"
W4405785999,10.1109/iros58592.2024.10802267,2024,,F cites OverlapNet 2020,CRPlace: Camera-Radar Fusion with BEV Representation for Place Recognition
W4405786375,10.1109/iros58592.2024.10801556,2024,,F cites OverlapNet 2020,ModaLink: Unifying Modalities for Efficient Image-to-PointCloud Place Recognition
W4390954490,10.3390/s24020582,2024,Sensors,F cites OverlapNet 2020,IS-CAT: Intensity–Spatial Cross-Attention Transformer for LiDAR-Based Place Recognition
W4402892311,10.1109/jsen.2024.3464855,2024,IEEE Sensors Journal,F cites OverlapNet 2020,Mercator Descriptor: A Novel Global Descriptor for Loop Closure Detection in LiDAR SLAM
W4405844968,10.1109/tvt.2024.3523349,2024,IEEE Transactions on Vehicular Technology,F cites OverlapNet 2020,A Modular Loop Closure Detection Scheme for Autonomous Driving: A Loosely Coupled Approach
W4404498245,10.3390/electronics13224532,2024,Electronics,F cites OverlapNet 2020,SG-LPR: Semantic-Guided LiDAR-Based Place Recognition
W4406476458,10.3788/lop240950,2024,Laser & Optoelectronics Progress,F cites OverlapNet 2020,基于混合回环检校实现激光SLAM优化和高精度三维地图构建
W4408719583,10.3788/aos240972,2025,Acta Optica Sinica,F cites OverlapNet 2020,基于特征融合的激光雷达点云位置识别方法
W4413359462,10.1109/tim.2025.3600832,2025,IEEE Transactions on Instrumentation and Measurement,F cites OverlapNet 2020,Research Progress on Collaborative Perception and Localization Technologies of Clustered Unmanned Systems in Underground Sheltered Spaces: A Survey
W3207633900,10.1109/icra48506.2021.9561929,2021,,F cites OverlapNet 2020,A New Framework for Registration of Semantic Point Clouds from Stereo and RGB-D Cameras
W4285102155,10.1109/icra46639.2022.9811855,2022,2022 International Conference on Robotics and Automation (ICRA),F cites OverlapNet 2020,LTSR: Long-term Semantic Relocalization based on HD Map for Autonomous Vehicles
W3188123215,10.1109/iros51168.2021.9636698,2021,2021 IEEE/RSJ International Conference on Intelligent Robots and Systems (IROS),F cites OverlapNet 2020,On the descriptive power of LiDAR intensity images for segment-based loop closing in 3-D SLAM
W3208004680,10.1109/ecmr50962.2021.9568815,2021,,F cites OverlapNet 2020,HATSDF SLAM – Hardware-accelerated TSDF SLAM for Reconfigurable SoCs
W4226213012,10.1109/icra46639.2022.9811750,2022,2022 International Conference on Robotics and Automation (ICRA),F cites OverlapNet 2020,Translation Invariant Global Estimation of Heading Angle Using Sinogram of LiDAR Point Cloud
W4317927140,10.1007/978-3-031-24386-8_16,2022,"Lecture notes of the Institute for Computer Sciences, Social Informatics and Telecommunications Engineering",F cites OverlapNet 2020,Semantic SLAM for Mobile Robot with Human-in-the-Loop
W4322771606,10.1007/s10514-023-10085-w,2023,Autonomous Robots,F cites OverlapNet 2020,Point-based metric and topological localisation between lidar and overhead imagery
W4309787584,10.3390/rs14225877,2022,Remote Sensing,F cites OverlapNet 2020,A Multi-Channel Descriptor for LiDAR-Based Loop Closure Detection and Its Application
W4283791656,10.1142/s2301385023410030,2022,Unmanned Systems,F cites OverlapNet 2020,Multi-Uncertainty Captured Multi-Robot Lidar Odometry and Mapping Framework for Large-Scale Environments
W4312272925,10.1109/iros47612.2022.9981965,2022,2022 IEEE/RSJ International Conference on Intelligent Robots and Systems (IROS),F cites OverlapNet 2020,Semantic Topological Descriptor for Loop Closure Detection within 3D Point Clouds In Outdoor Environment
W4399438941,10.3390/s24123702,2024,Sensors,F cites OverlapNet 2020,TS-LCD: Two-Stage Loop-Closure Detection Based on Heterogeneous Data Fusion
W4405785425,10.1109/iros58592.2024.10802665,2024,,F cites OverlapNet 2020,Explicit Interaction for Fusion-Based Place Recognition
W4387412844,10.1109/metacom57706.2023.00141,2023,,F cites OverlapNet 2020,RID: LiDAR Range Image Descriptor for Fast and Efficient Loop Closure Detection in Indistinguishable Environments
W4391559297,10.1109/lra.2024.3362681,2024,IEEE Robotics and Automation Letters,F cites OverlapNet 2020,Cross Fusion of Point Cloud and Learned Image for Loop Closure Detection
W4402352325,10.1109/ijcnn60899.2024.10651220,2024,,F cites OverlapNet 2020; F cites TBV 2023,RadarLCD: Learnable Radar-based Loop Closure Detection Pipeline
W4416749574,10.1109/iros60139.2025.11246131,2025,,F cites OverlapNet 2020,BEVDiffLoc: End-to-End LiDAR Global Localization in BEV View based on Diffusion Model
W4392902057,10.1109/tiv.2024.3376002,2024,IEEE Transactions on Intelligent Vehicles,F cites OverlapNet 2020,LiDAR Place Recognition Based on Range Image and Column-Shift-Invariant Attention
W3119294701,10.1109/icarcv50220.2020.9305453,2020,,F cites OverlapNet 2020,A Collaborative Relative Localization Method for Vehicles using Vision and LiDAR Sensors
W4309347192,10.1007/s10015-022-00822-2,2022,Artificial Life and Robotics,F cites OverlapNet 2020,Active sensing control improving SLAM accuracy for a vehicle robot
W4313589113,10.32604/iasc.2023.034394,2023,Intelligent Automation & Soft Computing,F cites OverlapNet 2020,Intelligent Risk-Identification Algorithm with Vision and 3D LiDAR Patterns at Damaged Buildings
W4386879361,10.3390/rs15184627,2023,Remote Sensing,F cites OverlapNet 2020,InfoLa-SLAM: Efficient Lidar-Based Lightweight Simultaneous Localization and Mapping with Information-Based Keyframe Selection and Landmarks Assisted Relocalization
W4384916349,10.1109/lra.2023.3297063,2023,IEEE Robotics and Automation Letters,F cites OverlapNet 2020,Binary Image Fingerprint: Stable Structure Identifier for 3D LiDAR Place Recognition
W4386838179,10.1108/ir-07-2023-0145,2023,Industrial Robot the international journal of robotics research and application,F cites OverlapNet 2020,ODLC_SAM: a novel LiDAR SLAM system towards open-air environments with loop closure
W4392173763,10.1109/tvt.2024.3369631,2024,IEEE Transactions on Vehicular Technology,F cites OverlapNet 2020,Robust Loop-Closure Algorithm Based on GNSS Raw Data for Large-Scale and Complex Environments
W4401415738,10.1109/icra57147.2024.10611569,2024,,F cites OverlapNet 2020,A Coarse-to-Fine Place Recognition Approach using Attention-guided Descriptors and Overlap Estimation
W4406856942,10.1109/lra.2025.3533966,2025,IEEE Robotics and Automation Letters,F cites OverlapNet 2020,Matched Filtering Based LiDAR Place Recognition for Urban and Natural Environments
W4409683675,10.1109/tgrs.2025.3563358,2025,IEEE Transactions on Geoscience and Remote Sensing,F cites OverlapNet 2020,ATCM: Aerial–Terrestrial LiDAR-Based Collaborative Simultaneous Localization and Mapping
W4289656238,10.1007/978-3-031-13844-7_27,2022,Lecture notes in computer science,F cites OverlapNet 2020,An AGV Positioning Algorithm for Reducing the Number of Reflectors
W4394625620,10.1109/wacv57701.2024.00821,2024,,F cites OverlapNet 2020,FinderNet: A Data Augmentation Free Canonicalization aided Loop Detection and Closure technique for Point clouds in 6-DOF separation
W4401416815,10.1109/icra57147.2024.10611612,2024,,F cites OverlapNet 2020,TSCM: A Teacher-Student Model for Vision Place Recognition Using Cross-Metric Knowledge Distillation
W4402093107,10.1002/rob.22423,2024,Journal of Field Robotics,F cites OverlapNet 2020,LiDAR‐based place recognition for mobile robots in ground/water surface multiple scenes
W4413917907,10.1109/icra55743.2025.11128422,2025,,F cites OverlapNet 2020,Adaptive Thresholding for Sequence-Based Place Recognition
W4385416119,10.15607/rss.2023.xix.098,2023,,F cites OverlapNet 2020,Self-Supervised Lidar Place Recognition in Overhead Imagery Using Unpaired Data
W4399287243,10.3390/s24113611,2024,Sensors,F cites OverlapNet 2020,Place Recognition through Multiple LiDAR Scans Based on the Hidden Markov Model
W4404996635,10.1007/s00530-024-01554-y,2024,Multimedia Systems,F cites OverlapNet 2020,Spherical scan context: a global descriptor in the form of a third-order tensor for loop closure detection
W4412924193,10.1007/978-981-96-9891-2_28,2025,Lecture notes in computer science,F cites OverlapNet 2020,Spike LPR: A Spiking Neural Network for Energy-Efficient LiDAR-Based Place Recognition via Spatiotemporal Sequential Fusion
W4413525602,10.1002/rob.70026,2025,Journal of Field Robotics,F cites OverlapNet 2020,Degeneracy‐Resistant LiDAR‐SLAM Algorithm Based on Geometric and Visual Features' Fusion
W4416015645,10.1088/1361-6501/ae1cdb,2025,Measurement Science and Technology,F cites OverlapNet 2020,Deep spatial-frequency fusion for loop closure descriptor construction
W7117483831,10.3390/s26010201,2025,Sensors,F cites OverlapNet 2020,DTD: Density Triangle Descriptor for 3D LiDAR Loop Closure Detection
W7129030289,10.1109/lra.2026.3665080,2026,IEEE Robotics and Automation Letters,F cites OverlapNet 2020,FLASH: Fibonacci Lattice Spherical Harmonics for Semantic Place Recognition Using LiDAR
W7130589881,10.1109/lra.2026.3666387,2026,IEEE Robotics and Automation Letters,F cites OverlapNet 2020,LiDAR-VGGT: Cross-Modal Coarse-to-Fine Fusion for Globally Consistent and Metric-Scale Dense Mapping
W7159810655,10.3390/robotics15050088,2026,Robotics,F cites OverlapNet 2020,Semantic SLAM with Multi-Modal Perception: Survey on Robust Long-Term Localization for Autonomous Vehicles
W7160965069,10.3390/s26103061,2026,Sensors,F cites OverlapNet 2020,DB-LIO: Database-Driven LiDAR–Inertial Odometry for Memory-Bounded Persistent Mapping
W7166044106,10.1177/02783649261449269,2026,The International Journal of Robotics Research,F cites OverlapNet 2020,Efficiently closing loops in LiDAR-based SLAM using point cloud density maps
W4283662462,10.3390/machines10070519,2022,Machines,F cites OverlapNet 2020,ISVD-Based Advanced Simultaneous Localization and Mapping (SLAM) Algorithm for Mobile Robots
W3202044876,10.1108/aa-06-2021-0088,2021,Assembly Automation,F cites OverlapNet 2020,Map-less long-term localization in complex industrial environments
W3127404104,10.1109/cac51589.2020.9326866,2020,,F cites OverlapNet 2020,RGB-D Based Semantic SLAM Framework for Rescue Robot
W3193739400,10.7746/jkros.2021.16.3.179,2021,The Journal of Korea Robotics Society,F cites OverlapNet 2020,Intensity and Ambient Enhanced Lidar-Inertial SLAM for Unstructured Construction Environment
W4408235740,10.1109/robio64047.2024.10907594,2024,,F cites OverlapNet 2020,Gaussian Splatting SLAM Based on Loop Closure Pose Optimization and Comprehensive Loss Function
W3116679161,10.3390/s21010097,2020,Sensors,F cites OverlapNet 2020,Continuous-Time Laser Frames Associating and Mapping via Multilayer Optimization
W3128257079,10.1109/jsen.2021.3057383,2021,IEEE Sensors Journal,F cites OverlapNet 2020,MLS: An MAE-Aware LiDAR Sampling Framework for On-Road Environments Using Spatio-Temporal Information
W3195500508,10.1109/ecmr50962.2021.9568850,2021,,F cites OverlapNet 2020,Online Range Image-based Pole Extractor for Long-term LiDAR Localization in Urban Environments
W3202880795,10.1109/lra.2021.3114956,2021,IEEE Robotics and Automation Letters,F cites OverlapNet 2020,Certainty Aware Global Localisation Using 3D Point Correspondences
W4255051228,10.1109/cac53003.2021.9728410,2021,2021 China Automation Congress (CAC),F cites OverlapNet 2020,A new laser-based loop detection method for laneway environment 3D mapping
W4320027846,10.1109/robio55434.2022.10011670,2022,2022 IEEE International Conference on Robotics and Biomimetics (ROBIO),F cites OverlapNet 2020,Fast Relocalization and Loop Closing in Keyframe-Based 3D LiDAR SLAM
W4366826925,10.3390/app13095285,2023,Applied Sciences,F cites OverlapNet 2020,NGLSFusion: Non-Use GPU Lightweight Indoor Semantic SLAM
W4392940686,10.1109/cac59555.2023.10450951,2023,,F cites OverlapNet 2020,A Pose Association Method for Multi-Agent System Based on LiDAR Pointcloud Registration Algorithm
W4395680824,10.1007/978-981-19-7603-2_10,2024,,F cites OverlapNet 2020,Simultaneous Location and Mapping
W4407303435,10.1063/5.0255605,2025,AIP conference proceedings,F cites OverlapNet 2020,Recent advancements in loop closure detection methods for 3D LiDAR-based multi-robot SLAM: A comprehensive survey
W3188396335,10.20895/infotel.v13i2.546,2021,JURNAL INFOTEL,F cites OverlapNet 2020,Object Position Estimation based on Dual Sight Perspective Configuration
W3190102146,10.1109/iros51168.2021.9636156,2021,2021 IEEE/RSJ International Conference on Intelligent Robots and Systems (IROS),F cites OverlapNet 2020,SemSegMap – 3D Segment-based Semantic Localization
W4286495528,10.1049/csy2.12054,2022,IET Cyber-Systems and Robotics,F cites OverlapNet 2020,Sequence matching enhanced 3D place recognition using candidate rearrangement
W4320038530,10.1007/978-981-19-6613-2_159,2023,Lecture notes in electrical engineering,F cites OverlapNet 2020,3D LiDAR-Based Localization Methods: An Overview
W3206634034,10.3990/1.9789036552561,2021,,F cites OverlapNet 2020,Developing a slam-based backpack mobile mapping system for indoor mapping
W3156212288,10.1109/icra48506.2021.9561078,2021,,F cites OverlapNet 2020,Spherical Multi-Modal Place Recognition for Heterogeneous Sensor Systems
W3167515158,10.15607/rss.2021.xvii.004,2021,,F cites OverlapNet 2020,Inexact Loops in Robotics Problems
W3214018470,10.1109/icacr53472.2021.9605179,2021,,F cites OverlapNet 2020,Performance Analysis of Computer Vision Based Feature Detectors for 3D Laser Rasterized Images
W4284713000,10.1007/s10846-022-01646-9,2022,Journal of Intelligent & Robotic Systems,F cites OverlapNet 2020,GoToNet: Fast Monocular Scene Exposure and Exploration
W4377078819,10.1109/iiai-aai-winter58034.2022.00046,2022,,F cites OverlapNet 2020,Obstacles Detection and Motion Estimation by Using Multiple Lidar Sensors Data
W4390045266,10.1109/ccisp59915.2023.10355868,2023,,F cites OverlapNet 2020,LprViT:An Efficient ViT for LiDAR-Based Place Recognition Using Range Image
W4390099864,10.1109/robio58561.2023.10354848,2023,,F cites OverlapNet 2020,ECH: An Enhanced Cart Histogram for place recognition
W4391217344,10.1109/cvci59596.2023.10397389,2023,,F cites OverlapNet 2020,Feature Scan Context aided Lidar-IMU Simultaneously Localization and Mapping
W4392054028,10.1007/978-3-031-54531-3_2,2024,"Lecture notes of the Institute for Computer Sciences, Social Informatics and Telecommunications Engineering",F cites OverlapNet 2020,A Novel Topology Metric for Indoor Point Cloud SLAM Based on Plane Detection Optimization
W4394063563,10.1007/s11760-024-03138-9,2024,Signal Image and Video Processing,F cites OverlapNet 2020,Patchlpr: a multi-level feature fusion transformer network for LiDAR-based place recognition
W4404096456,10.1007/978-981-97-8505-6_30,2024,Lecture notes in computer science,F cites OverlapNet 2020,Open-Vocabulary Instance Segmentation-Boundary IS-Goal
W4404294470,10.1109/icsp62122.2024.10743582,2024,,F cites OverlapNet 2020,A Fast and Robust Triangle Descriptor for Loop Closure Detection in 3D LiDAR SLAM
W4404820216,10.1007/978-3-031-72943-0_4,2024,Lecture notes in computer science,F cites OverlapNet 2020,Continuous SO(3) Equivariant Convolution for 3D Point Cloud Analysis
W4405304287,10.1109/ipin62893.2024.10786112,2024,,F cites OverlapNet 2020,LIOP: Tightly Coupled LiDAR-Inertial Odometry and Prior Information System for Long-term Localization*
W4405304640,10.1109/ipin62893.2024.10786171,2024,,F cites OverlapNet 2020,Plane-based Loop Correction for LiDAR Inertial SLAM
W4405785639,10.1109/iros58592.2024.10802242,2024,,F cites OverlapNet 2020,Deep Sensor Fusion with Constraint Safety Bounds for High Precision Localization
W4405785675,10.1109/iros58592.2024.10802124,2024,,F cites OverlapNet 2020,ReLoc-Aligner : Orientation-aware Scene Descriptor for Re-Localization within a 3D Point Cloud Map
W4405787357,10.1109/iros58592.2024.10802744,2024,,F cites OverlapNet 2020,Augmenting Vision with Radar for All-weather Geo-localization without a Prior HD Map
W4407124502,10.1007/978-981-96-1108-9_19,2025,,F cites OverlapNet 2020,FlexPRNet: A Flexible and Effective Network for Place Recognition Using Different Sensor Modalities
W4408100728,10.1109/acai63924.2024.10899587,2024,,F cites OverlapNet 2020,Sequential Semantic Descriptor from 3D Point Clouds for Place Recognition
W4408222531,10.1109/robio64047.2024.10907369,2024,,F cites OverlapNet 2020,A Robot Localization Deviation Detection Method Based on ResNet
W4408223159,10.1109/robio64047.2024.10907353,2024,,F cites OverlapNet 2020,HTD: A Hybrid Triangle Descriptor Combining Geometry and Intensity Information for 3D Loop Detection
W4408401427,10.1109/ricai64321.2024.10911497,2024,,F cites OverlapNet 2020,CTF-LIOM: Coarse-to-Fine Loop Closure Detection in Lidar-Inertial Odometry and Mapping
W4411173723,10.1109/iccc65605.2025.11022787,2025,,F cites OverlapNet 2020,Adjustment of Odometry Measurements for Needs of SLAM in Mobile Robotics
W4412346490,10.1109/icgmrs66001.2025.11065175,2025,,F cites OverlapNet 2020,A Real-Time Localization Method Using LiDAR Beacons
W4413018007,10.1109/iv64158.2025.11097657,2025,,F cites OverlapNet 2020,Range and Bird's Eye View Fused Cross-Modal Visual Place Recognition
W4413917656,10.1109/icra55743.2025.11128210,2025,,F cites OverlapNet 2020,InsCMPR: Efficient Cross-Modal Place Recognition via Instance-Aware Hybrid Mamba-Transformer
W4413999027,10.1080/01431161.2025.2544358,2025,International Journal of Remote Sensing,F cites OverlapNet 2020,HARN-LiDAR: hybrid attention-regularized neural LiDAR novel view synthesis
W4414229528,10.1109/jiot.2025.3610650,2025,IEEE Internet of Things Journal,F cites OverlapNet 2020,Efficient Place Recognition With Complex Number Framework for Robust Environmental Description and Real-Time Performance
W4415047676,10.1109/tii.2025.3609146,2025,IEEE Transactions on Industrial Informatics,F cites OverlapNet 2020,VI_MCPR: Viewpoint Invariant Place Recognition Driven by Multicamera for Large-Scale Environments
W4416749331,10.1109/iros60139.2025.11246959,2025,,F cites OverlapNet 2020,One-shot Global Localization through Semantic Distribution Feature Retrieval and Semantic Topological Histogram Registration
W4416749804,10.1109/iros60139.2025.11246014,2025,,F cites OverlapNet 2020,Fusion Scene Context: Robust and Efficient LiDAR Place Recognition Across Season
W4416750884,10.1109/iros60139.2025.11247536,2025,,F cites OverlapNet 2020,TWC-SLAM: Multi-Agent Cooperative SLAM with Text Semantics and WiFi Features Integration for Similar Indoor Environments
W7126430147,10.1007/s10489-025-07075-z,2026,Applied Intelligence,F cites OverlapNet 2020,A line shape descriptor for LiDAR loop-closure detection
W7128060601,10.1016/j.eswa.2026.131543,2026,Expert Systems with Applications,F cites OverlapNet 2020,A deep learning-based multi-modal approach to robust place recognition in challenging orchard environments
W7128531261,10.1016/j.neunet.2026.108700,2026,Neural Networks,F cites OverlapNet 2020,L2G-Net: Local-to-global feature enhancement via cluster tokens for 3D place recognition
W7128688876,10.1007/s41315-025-00516-5,2026,International Journal of Intelligent Robotics and Applications,F cites OverlapNet 2020,A fast and robust 3D LiDAR-based loop closure detection method using BEV images
W7129346412,10.1007/s11370-026-00692-8,2026,Intelligent Service Robotics,F cites OverlapNet 2020,Efficient 3D LiDAR pattern feature extraction and descriptor computation for robust loop closure detection
W7131075006,10.1109/robio66223.2025.11377468,2025,,F cites OverlapNet 2020,Place Recognition for Place: Toward Point Cloud Descriptor Stability Across Viewpoints
W7133239768,10.3390/s26051561,2026,Sensors,F cites OverlapNet 2020,MS2-CL: Multi-Scale Self-Supervised Learning for Camera to LiDAR Cross-Modal Place Recognition
W7134049950,10.3390/electronics15051101,2026,Electronics,F cites OverlapNet 2020,Tunnel-SLAM: Low-Cost LiDAR/Vision/RTK/Inertial Integration on Vehicles for Roadway Tunnels
W7140212717,10.1109/jsen.2026.3675345,2026,IEEE Sensors Journal,F cites OverlapNet 2020,Robust and Accurate LiDAR SLAM in Complex Environments via Intensity-Enhanced Features
W7155061847,10.1109/icara69401.2026.11480397,2026,,F cites OverlapNet 2020,HybridGLoc: Hybrid 2D-3D Cross-LiDAR Global Localization
W7159836755,10.1109/cac67268.2025.11487507,2025,,F cites OverlapNet 2020,A Fast Visual Triangle Descriptor for Multi-sensor Loop Closure Detection
W7160891219,10.3390/s26103050,2026,Sensors,F cites OverlapNet 2020,SGMR-LPR: A Semantic-Guided Network Robust to Movable Objects for LiDAR-Based Place Recognition
W7164837829,10.1109/fasta70174.2026.11549539,2026,,F cites OverlapNet 2020,A Panoramic Convolution and Cross Transformer Framework for LiDAR-Based Place Recognition
W7165010854,10.3390/app16126155,2026,Applied Sciences,F cites OverlapNet 2020,Rotation-Equivariant Feature Learning on Polar BEV for Robust LiDAR Place Recognition
W7165781419,10.3390/app16126220,2026,Applied Sciences,F cites OverlapNet 2020,Semantic-Assisted Global Localization and Navigation for Mobile Robots
W7169775609,10.1109/lra.2026.3715037,2026,IEEE Robotics and Automation Letters,F cites OverlapNet 2020,PolarBEVPlace: Rotation-Robust LiDAR Place Recognition via Radial Distortion-Aware Polar Transform
W7172413268,10.1109/yac71005.2026.11616482,2026,,F cites OverlapNet 2020,Multi-Robot SLAM System with Height-Based Hierarchical PCA-Enhanced Scan Context
W7201888047,10.1088/1361-6501/ae96cf,2026,Measurement Science and Technology,F cites OverlapNet 2020,ICF-SLAM: Instance-guided loop closure and asynchronous historical correction for filter-based LiDAR–inertial SLAM
W7202377866,10.3788/lop260666,2026,Laser & Optoelectronics Progress,F cites OverlapNet 2020,一种基于双视角状态空间模型的激光雷达位置识别算法
W7204096426,10.3390/drones10090643,2026,Drones,F cites OverlapNet 2020,GSSeq: Rendered-Reference Sequential Loop Verification for UAV 3D Gaussian Splatting SLAM
W7208721860,10.3788/lop252605,2026,Laser & Optoelectronics Progress,F cites OverlapNet 2020,基于关键帧的点云三维重建方法研究
W7212002698,10.1002/cpe.70931,2026,Concurrency and Computation Practice and Experience,F cites OverlapNet 2020,Hypergraph‐Guided Semantic and Geometric Collaborative Learning for Robust Low‐Overlap Point Cloud Registration
W7213237064,10.1007/s10514-026-10270-7,2026,Autonomous Robots,F cites OverlapNet 2020,Enhancing loop closure detection with object semantic scan context
W2146881125,10.1109/mra.2006.1638022,2006,IEEE Robotics & Automation Magazine,B cited by OverlapNet 2020,Simultaneous localization and mapping: part I
W2171590421,10.1142/s0218001493000339,1993,International Journal of Pattern Recognition and Artificial Intelligence,B cited by OverlapNet 2020,SIGNATURE VERIFICATION USING A “SIAMESE” TIME DELAY NEURAL NETWORK
W3003437478,10.1109/iros40897.2019.8967762,2019,,B cited by OverlapNet 2020,RangeNet ++: Fast and Accurate LiDAR Semantic Segmentation
W2284029970,10.1109/tro.2015.2496823,2015,IEEE Transactions on Robotics,B cited by OverlapNet 2020,Visual Place Recognition: A Survey
W3003991701,10.1109/iros40897.2019.8967704,2019,,B cited by OverlapNet 2020,SuMa++: Efficient LiDAR-based Semantic SLAM
W2565998037,10.1109/iros.2016.7759060,2016,,B cited by OverlapNet 2020; B cited by TBV 2023,M2DP: A novel 3D point cloud descriptor and its application in loop closure detection
W1995963656,10.1177/0278364911400640,2011,The International Journal of Robotics Research,B cited by OverlapNet 2020,Ford Campus vision and lidar data set
W2955544543,10.1109/cvpr.2019.00655,2019,,B cited by OverlapNet 2020,L3-Net: Towards Learning Based LiDAR Localization for Autonomous Driving
W2293047233,10.15607/rss.2009.v.039,2009,,B cited by OverlapNet 2020,Highly scalable appearance-only SLAM - FAB-MAP 2.0
W2565029242,10.1109/iros.2016.7759050,2016,,B cited by OverlapNet 2020,Fast range image-based segmentation of sparse 3D laser scans for online operation
W2902610326,10.1109/lra.2019.2893887,2019,IEEE Robotics and Automation Letters,B cited by OverlapNet 2020,Local Descriptor for Robust Place Recognition Using LiDAR Intensity
W2914921243,10.1109/lra.2019.2897340,2019,IEEE Robotics and Automation Letters,B cited by OverlapNet 2020,"1-Day Learning, 1-Year Localization: Long-Term LiDAR Localization Using Scan Context Image"
W2213518912,10.1109/iros.2015.7353454,2015,,B cited by OverlapNet 2020,A fast histogram-based similarity measure for detecting loop closures in 3-D LIDAR data
W2953205834,10.1109/tits.2019.2905046,2019,IEEE Transactions on Intelligent Transportation Systems,B cited by OverlapNet 2020,3D LiDAR-Based Global Localization Using Siamese Neural Network
W2892028890,10.1109/icra.2018.8460940,2018,,B cited by OverlapNet 2020,Delight: An Efficient Descriptor for Global Localisation Using LiDAR Intensities
W2798194297,10.1109/cvpr.2018.00470,2018,,B cited by OverlapNet 2020,PointNetVLAD: Deep Point Cloud Based Retrieval for Large-Scale Place Recognition
W2994881679,10.1109/iros40897.2019.8968094,2019,,B cited by OverlapNet 2020,OREOS: Oriented Recognition of 3D Point Clouds in Outdoor Scenarios
W2105977269,10.1109/iros.2011.6094638,2011,2011 IEEE/RSJ International Conference on Intelligent Robots and Systems,B cited by OverlapNet 2020,Place recognition in 3D scans using a combination of bag of words and point feature based relative pose estimation
W2996045557,10.1109/iros40897.2019.8968140,2019,,B cited by OverlapNet 2020,Semantically Assisted Loop Closure in SLAM Using NDT Histograms
W2006765201,10.1163/156855305774662181,2005,Advanced Robotics,B cited by OverlapNet 2020,On actively closing loops in grid-based FastSLAM
W2130070032,10.1109/robot.2009.5152431,2009,,B cited by OverlapNet 2020,HSM3D: Feature-less global 6DOF scan-matching in the Hough/Radon domain
W1602658276,10.1007/978-3-540-74260-9_19,2007,Lecture notes in computer science,B cited by OverlapNet 2020,A High-Accuracy Rotation Estimation Algorithm Based on 1D Phase-Only Correlation
W3010028901,10.48550/arxiv.2003.01875,2020,"White Rose Research Online (University of Leeds, The University of Sheffield, University of York)",B cited by OverlapNet 2020,Localising Faster: Efficient and precise lidar-based robot localisation in large-scale environments
W2899117197,10.48550/arxiv.2012.10902,2020,arXiv (Cornell University),B cited by OverlapNet 2020,Learning to Localize Using a LiDAR Intensity Map
W4417276755,10.3390/s25247558,2025,Sensors,F cites OverlapNet 2020 (OpenCitations),HV-LIOM: Adaptive Hash-Voxel LiDAR–Inertial SLAM with Multi-Resolution Relocalization and Reinforcement Learning for Autonomous Exploration
W4411558226,10.5755/j02.eie.40523,2025,Elektronika ir Elektrotechnika,F cites OverlapNet 2020 (OpenCitations),BSPR-Net: Dual-Branch Feature Extraction Network for LiDAR Place Recognition in Unstructured Environments
W4402592730,10.1109/tro.2024.3463504,2024,IEEE Transactions on Robotics,F cites TBV 2023; F cites CorAl 2022,A New Wave in Robotics: Survey on Recent MmWave Radar Applications in Robotics
W4408780442,10.1109/tro.2025.3550771,2025,IEEE Transactions on Robotics,F cites TBV 2023,General Place Recognition Survey: Toward Real-World Autonomy
W4401415166,10.1109/icra57147.2024.10611471,2024,,F cites TBV 2023,Less is More: Physical-Enhanced Radar-Inertial Odometry
W4401878935,10.1109/tits.2024.3424984,2024,IEEE Transactions on Intelligent Transportation Systems,F cites TBV 2023,OORD: The Oxford Offroad Radar Dataset
W4408633336,10.1007/s11432-024-4303-8,2025,Science China Information Sciences,F cites TBV 2023,Embodied navigation
W4400228543,10.1109/taes.2024.3421173,2024,IEEE Transactions on Aerospace and Electronic Systems,F cites TBV 2023,ROSE: Covisibility Region Aware 3D-LiDAR SLAM Based on Generative Road Surface Model and Long-Term Association
W4390576785,10.1109/lra.2024.3349960,2024,IEEE Robotics and Automation Letters,F cites TBV 2023,LodeStar: Maritime Radar Descriptor for Semi-Direct Radar Odometry
W4399620815,10.1109/radarconf2458775.2024.10548974,2024,,F cites TBV 2023,Open-RadVLAD: Fast and Robust Radar Place Recognition
W4392596219,10.3390/app14062267,2024,Applied Sciences,F cites TBV 2023,Survey of Deep Learning-Based Methods for FMCW Radar Odometry and Ego-Localization
W4405785728,10.1109/iros58592.2024.10802458,2024,,F cites TBV 2023,RaNDT SLAM: Radar SLAM Based on Intensity-Augmented Normal Distributions Transform
W4406610319,10.1109/lra.2025.3531689,2025,IEEE Robotics and Automation Letters,F cites TBV 2023,RadaRays: Real-Time Simulation of Rotating FMCW Radar for Mobile Robotics via Hardware-Accelerated Ray Tracing
W4405906785,10.1109/jispin.2024.3524487,2024,IEEE Journal of Indoor and Seamless Positioning and Navigation,F cites TBV 2023,Simultaneous Localization and Mapping for Indoor Mobile Robots Using Synthetic Aperture Radar Images
W7117576713,10.1016/j.measurement.2025.120192,2025,Measurement,F cites TBV 2023; F cites CorAl 2022,Spatial Aware Feature Extraction for RADAR SLAM
W4389666843,10.1109/iros55552.2023.10341965,2023,,F cites TBV 2023,Off the Radar: Uncertainty-Aware Radar Place Recognition with Introspective Querying and Map Maintenance
W4413917342,10.1109/icra55743.2025.11127330,2025,,F cites TBV 2023,Introspective Loop Closure for SLAM with 4D Imaging Radar
W4391114552,10.1109/aikiie60097.2023.10390439,2023,,F cites TBV 2023,Electronic Sensor Multi-Modal Slam Algorithm Based on Information Fusion Technology
W4413679578,10.23919/fusion65864.2025.11124007,2025,,F cites TBV 2023,Uncertainty-Driven Radar-Inertial Fusion for Instantaneous 3D Ego-Velocity Estimation
W4405786831,10.1109/iros58592.2024.10802141,2024,,F cites TBV 2023,Advancements in Radar Odometry
W7165186555,10.1002/rob.70256,2026,Journal of Field Robotics,F cites TBV 2023,A Review on Search and Rescue Robots in Complex Scenarios: Key Technologies of Simultaneous Localisation and Mapping
W4404510718,10.1007/s10514-024-10176-2,2024,Autonomous Robots,F cites TBV 2023,BFAR: improving radar odometry estimation using a bounded false alarm rate detector
W4387427715,10.48550/arxiv.2310.03505,2023,arXiv (Cornell University),F cites TBV 2023,RadaRays: Real-time Simulation of Rotating FMCW Radar for Mobile Robotics via Hardware-accelerated Ray Tracing
W4389665491,10.1109/iros55552.2023.10342028,2023,,F cites TBV 2023,RAL Papers Presented at IROS 2023
W4408374570,10.1049/rsn2.70002,2025,IET Radar Sonar & Navigation,F cites TBV 2023,Bayesian Radar Cosplace : Directly estimating location uncertainty in radar place recognition
W7160874558,10.1109/cisce69494.2026.11504907,2026,,F cites TBV 2023,Failure-Driven Enhancement of Loop Closure Acceptance in LVI-SAM for Ambiguous Indoor Scenes
W7161235055,10.1109/lra.2026.3693934,2026,IEEE Robotics and Automation Letters,F cites TBV 2023,SEED: Structure-Entropy and DCT Enhanced Descriptor for Robust 4D Radar Place Recognition
W7206191963,10.1109/iwis70716.2026.11667739,2026,,F cites TBV 2023,4D Radar-Inertial Odometry for Orchard Environments
W2535547924,10.1109/tro.2017.2705103,2017,IEEE Transactions on Robotics,B cited by TBV 2023,"ORB-SLAM2: An Open-Source SLAM System for Monocular, Stereo, and RGB-D Cameras"
W3043971245,10.1109/tro.2021.3075644,2021,IEEE Transactions on Robotics,B cited by TBV 2023,"ORB-SLAM3: An Accurate Open-Source Library for Visual, Visual–Inertial, and Multimap SLAM"
W3129245057,10.1109/iros45743.2020.9341176,2020,,B cited by TBV 2023,LIO-SAM: Tightly-coupled Lidar Inertial Odometry via Smoothing and Mapping
W2910489334,10.1109/iros.2018.8593953,2018,,B cited by TBV 2023,Scan Context: Egocentric Spatial Descriptor for Place Recognition Within 3D Point Cloud Map
W2963200201,10.1109/tro.2019.2899783,2020,Zurich Open Repository and Archive (University of Zurich),B cited by TBV 2023,PL-SLAM: A Stereo SLAM System Through the Combination of Points and Line Segments
W3090139470,10.1109/icra40945.2020.9196884,2020,,B cited by TBV 2023; B cited by CorAl 2022,The Oxford Radar RobotCar Dataset: A Radar Extension to the Oxford RobotCar Dataset
W1999399477,10.1109/iros.2012.6385590,2012,,B cited by TBV 2023,Switchable constraints for robust pose graph SLAM
W3211389689,10.1109/tro.2021.3116424,2021,IEEE Transactions on Robotics,B cited by TBV 2023,Scan Context++: Structural Place Recognition Robust to Rotation and Lateral Variations in Urban Environments
W3091337047,10.1109/icra40945.2020.9197298,2020,,B cited by TBV 2023; B cited by CorAl 2022,MulRan: Multimodal Range Dataset for Urban Place Recognition
W2109271936,10.1109/icra.2013.6630557,2013,,B cited by TBV 2023,Robust map optimization using dynamic covariance scaling
W2890714858,10.1109/icra.2018.8460687,2018,,B cited by TBV 2023; B cited by CorAl 2022,Precise Ego-Motion Estimation with Millimeter-Wave Radar Under Diverse and Challenging Conditions
W3130465612,10.1109/iros45743.2020.9341287,2020,,B cited by TBV 2023; B cited by CorAl 2022,RadarSLAM: Radar based Large-Scale SLAM in All Weathers
W3089835902,10.1109/icra40945.2020.9196835,2020,,B cited by TBV 2023; B cited by CorAl 2022,Under the Radar: Learning to Predict Robust Keypoints for Odometry Estimation and Metric Localisation in Radar
W2970479183,10.1109/ivs.2019.8813841,2019,,B cited by TBV 2023,Real-Time Pose Graph SLAM based on Radar
W3090913682,10.1109/icra40945.2020.9197231,2020,,B cited by TBV 2023; B cited by CorAl 2022,PhaRaO: Direct Radar Odometry using Phase Correlation
W4286543002,10.1109/lra.2022.3192885,2022,IEEE Robotics and Automation Letters,B cited by TBV 2023,Are We Ready for Radar to Replace Lidar in All-Weather Mapping and Localization?
W4224315224,10.1177/02783649221080483,2022,The International Journal of Robotics Research,B cited by TBV 2023,RadarSLAM: A robust simultaneous localization and mapping system for all weather conditions
W3174203047,10.15607/rss.2021.xvii.029,2021,,B cited by TBV 2023; B cited by CorAl 2022,Radar Odometry Combining Probabilistic Estimation and Unsupervised Feature Learning
W3206505934,10.1109/icra48506.2021.9561413,2021,,B cited by TBV 2023; B cited by CorAl 2022,A Normal Distribution Transform-Based Radar Odometry Designed For Scanning and Automotive Radars
W3086057802,10.1109/tits.2021.3061165,2021,IEEE Transactions on Intelligent Transportation Systems,B cited by TBV 2023,RaLL: End-to-End Radar Localization on Lidar Map Using Differentiable Measurement Model
W4285102317,10.1109/icra46639.2022.9812063,2022,2022 International Conference on Robotics and Automation (ICRA),B cited by TBV 2023,Fast-MbyM: Leveraging Translational Invariance of the Fourier Transform for Efficient and Accurate Radar Odometry
W2906152054,10.3390/s19010023,2018,Sensors,B cited by TBV 2023,Have I Seen This Place Before? A Fast and Robust Loop Detection and Correction Method for 3D Lidar SLAM
W4283313978,10.1109/lra.2022.3186757,2022,IEEE Robotics and Automation Letters,B cited by TBV 2023,What Goes Around: Leveraging a Constant-Curvature Motion Constraint in Radar Odometry
W3203661968,10.1109/icar53236.2021.9659335,2021,2021 20th International Conference on Advanced Robotics (ICAR),B cited by TBV 2023,Contrastive Learning for Unsupervised Radar Place Recognition
W2772163732,10.1002/rob.21768,2017,Journal of Field Robotics,B cited by TBV 2023; B cited by CorAl 2022,Learning to detect misaligned point clouds
W4226180932,10.1109/tits.2022.3164397,2022,IEEE Transactions on Intelligent Transportation Systems,B cited by TBV 2023,Detection of Localization Failures Using Markov Random Fields With Fully Connected Latent Variables for Safe LiDAR-Based Automated Driving
W3005754415,10.1109/cac48633.2019.8996777,2019,,B cited by TBV 2023; B cited by CorAl 2022,A failure detection method for 3D LiDAR based localization
W3031624864,10.48550/arxiv.1909.03752,2019,arXiv (Cornell University),B cited by TBV 2023; B cited by CorAl 2022,Masking by Moving: Learning Distraction-Free Radar Odometry from Pose\n Information
W3155778944,10.48550/arxiv.2104.05347,2021,arXiv (Cornell University),B cited by TBV 2023; B cited by CorAl 2022,Radar SLAM: A Robust SLAM System for All Weather Conditions
W4307416562,10.48550/arxiv.2210.13797,2022,arXiv (Cornell University),B cited by TBV 2023,MAROAM: Map-based Radar SLAM through Two-step Feature Selection
W4415707458,10.1109/lra.2025.3627090,2025,IEEE Robotics and Automation Letters,F cites TBV 2023 (OpenCitations),XPRESS: X-Band Radar Place Recognition via Elliptical Scan Shaping
W4386918898,10.1109/tits.2023.3315070,2023,IEEE Transactions on Intelligent Transportation Systems,F cites CorAl 2022,Introspection of DNN-Based Perception Functions in Automated Driving Systems: State-of-the-Art and Open Research Challenges
W4366492961,10.1109/tro.2023.3262187,2023,IEEE Transactions on Robotics,F cites CorAl 2022,Robot Proficiency Self-Assessment Using Assumption-Alignment Tracking
W4415626528,10.1109/comst.2025.3626504,2025,IEEE Communications Surveys & Tutorials,F cites CorAl 2022,Collaborative Sensing and Communication for Intelligent Connected Vehicles: A Comprehensive Survey
W4390758504,10.3390/asec2023-15808,2023,,F cites CorAl 2022,DECI: A Differential Entropy-Based Compactness Index for Point Clouds Analysis: Method and Potential Applications
W4396666867,10.1007/978-3-031-58094-9_50,2024,Lecture notes in mechanical engineering,F cites CorAl 2022,A Differential Entropy-Based Method for Reverse Engineering Quality Assessment
W4407938583,10.1109/elecom63163.2024.10892168,2024,,F cites CorAl 2022,LiDAR-Driven Navigation in Dynamic Indoor Environments: Optimizing Performance and Reliability
W4406143125,10.1016/j.forsciint.2025.112366,2025,Forensic Science International,F cites CorAl 2022,Enhanced detection of measurement anomalies in cartridge cases using 3D gray-level co-occurrence matrix
W4409135939,10.1007/978-3-031-72829-7_64,2025,Lecture notes in mechanical engineering,F cites CorAl 2022,Novel Differential Entropy-Based Approach for Delaunay Mesh Quality Assessment
W4417158960,10.3390/sym17122113,2025,Symmetry,F cites CorAl 2022,Registration Method for Partial Overlapping Point Cloud Data of Complex Workpieces Based on MFD Algorithm
W4391936695,10.1109/oncon60463.2023.10430515,2023,,F cites CorAl 2022,Simulator for omnidirectional robots equipped with 2D and 3D LiDAR sensors
W4321073112,10.1016/j.robot.2023.104380,2023,Robotics and Autonomous Systems,F cites CorAl 2022,Special Issue on the 10th European Conference on Mobile Robots (ECMR 2021)
W4407367548,10.1007/978-3-031-76594-0_26,2025,Lecture notes in mechanical engineering,F cites CorAl 2022,A Methodological Approach for the Evaluation of Deformations in Additively Manufactured Lattice Structures
W7150820923,10.1109/ectidamtncon67592.2026.11459986,2026,,F cites CorAl 2022,Geometric and Information-Theoretic Evaluation of Multi-View Point Cloud Datasets
W7162495334,10.2139/ssrn.6838200,2026,SSRN Electronic Journal,F cites CorAl 2022,Geometry-Aware Articulation State Estimation under Structural Configuration Shift for Autonomous Towing
W2131439959,10.1002/rob.20204,2007,Journal of Field Robotics,B cited by CorAl 2022,Scan registration for autonomous mining vehicles using 3D‐NDT
W2140881794,10.1109/robot.2009.5152375,2009,,B cited by CorAl 2022,Real-time correlative scan matching
W2157364958,10.1109/cvpr.2006.122,2006,,B cited by CorAl 2022,Fully Automatic Registration of 3D Point Clouds
W2131684094,10.1109/tpami.2005.108,2005,IEEE Transactions on Pattern Analysis and Machine Intelligence,B cited by CorAl 2022,Precision range image registration using a robust surface interpenetration measure and enhanced genetic algorithms
W2890354344,10.1109/icra.2018.8461000,2018,,B cited by CorAl 2022,Efficient Continuous-Time SLAM for 3D Lidar-Based Online Mapping
W2960033181,10.1109/lra.2019.2927954,2019,IEEE Robotics and Automation Letters,B cited by CorAl 2022,GCNv2: Efficient Correspondence Prediction for Real-Time SLAM
W1995443731,10.1109/icra.2014.6907626,2014,,B cited by CorAl 2022,Local multi-resolution representation for 6D motion estimation and mapping with a continuously rotating 3D laser scanner
W3157400318,10.1109/iros51168.2021.9636253,2021,2021 IEEE/RSJ International Conference on Intelligent Robots and Systems (IROS),B cited by CorAl 2022,CFEAR Radarodometry - Conservative Filtering for Efficient and Accurate Radar Odometry
W78175635,10.1007/978-3-642-13408-1_14,2010,Springer tracts in advanced robotics,B cited by CorAl 2022,Radar Scan Matching SLAM Using the Fourier-Mellin Transform
W2160650656,10.1109/robot.2006.1642280,2006,,B cited by CorAl 2022,Fault detection for mobile robots using redundant positioning systems
W2500794097,10.1007/978-3-642-13408-1,2010,Springer tracts in advanced robotics,B cited by CorAl 2022,Field and Service Robotics
W2036895101,10.1109/ecmr.2015.7324196,2015,,B cited by CorAl 2022,Evaluation of registration methods for sparse 3D laser scans
W2910089361,10.1109/lra.2019.2892992,2019,IEEE Robotics and Automation Letters,B cited by CorAl 2022,Unified Motion-Based Calibration of Mobile Multi-Sensor Platforms With Time Delay Estimation
W2773719926,10.1109/iros.2017.8206584,2017,,B cited by CorAl 2022,Analyzing the quality of matched 3D point clouds of objects
W2772733639,10.1109/iros.2017.8202318,2017,,B cited by CorAl 2022,Incorporating ego-motion uncertainty estimates in range data registration
W2980844277,10.1109/ecmr.2019.8870941,2019,,B cited by CorAl 2022,A Submap per Perspective - Selecting Subsets for SuPer Mapping that Afford Superior Localization Quality
W3008206880,10.1109/lra.2020.2976307,2020,IEEE Robotics and Automation Letters,B cited by CorAl 2022,Assessing Losses for Point Set Registration
W21570645,10.3182/20070903-3-fr-2921.00079,2007,IFAC Proceedings Volumes,B cited by CorAl 2022,ASSESSING MAP QUALITY AND ERROR CAUSATION USING CONDITIONAL RANDOM FIELDS
W1650975994,,2009,KTH Publication Database DiVA (KTH Royal Institute of Technology),B cited by CorAl 2022,"The three-dimensional normal-distributions transform : an efficient representation for registration, surface analysis, and loop detection"
W2470235696,10.15607/rss.2009.v,2009,,B cited by CorAl 2022,Robotics: Science and Systems V
W3093042376,,2020,arXiv (Cornell University),B cited by CorAl 2022,RADIATE: A Radar Dataset for Automotive Perception.
W4242073862,10.1609/aimag.v31i1.2237,2010,AI Magazine,B cited by CorAl 2022,Robotics: Science and Systems (RSS)
W4327692895,10.1177/02783649231160195,2023,The International Journal of Robotics Research,B cited by CorAl 2022,Boreas: A multi-season autonomous driving dataset
W4298124947,10.1007/978-3-540-33453-8,2006,Springer tracts in advanced robotics,B cited by CorAl 2022,Field and Service Robotics
W4249188019,10.1007/11736592_15,2006,Springer tracts in advanced robotics,B cited by CorAl 2022,Scan-SLAM: Combining EKF-SLAM and Scan Correlation
W4392523578,10.1109/lra.2024.3374188,2024,IEEE Robotics and Automation Letters,F cites Iversen 2017,Toward Reliable Human Pose Forecasting With Uncertainty
W4285102281,10.1109/icra46639.2022.9812339,2022,2022 International Conference on Robotics and Automation (ICRA),F cites Iversen 2017,Multi-view object pose distribution tracking for pre-grasp planning on mobile robots
W2911372914,10.1109/lra.2019.2899430,2019,IEEE Robotics and Automation Letters,F cites Iversen 2017,Position Estimation of Moving Objects: Practical Provable Approximation
W4360995378,10.1109/jsen.2023.3260473,2023,IEEE Sensors Journal,F cites Iversen 2017,Uncertainty-Aware Adaptive Semidirect LiDAR Scan Matching for Ground Vehicle Positioning
W4365606300,10.48550/arxiv.2304.06707,2023,arXiv (Cornell University),F cites Iversen 2017,Toward Reliable Human Pose Forecasting with Uncertainty
W3215144762,10.1109/lra.2021.3128687,2021,IEEE Robotics and Automation Letters,F cites Iversen 2017,Deep Measurement Updates for Bayes Filters
W2152864241,10.1109/icra.2011.5980567,2011,,B cited by Iversen 2017,3D is here: Point Cloud Library (PCL)
W2004312117,10.1016/j.imavis.2003.09.004,2003,Image and Vision Computing,B cited by Iversen 2017,Robust registration of 2D and 3D point sets
W2016285927,10.1109/3dimpvt.2012.84,2012,,B cited by Iversen 2017,Modeling Kinect Sensor Noise for Improved 3D Reconstruction and Tracking
W2005756025,10.1109/icra.2014.6906903,2014,,B cited by Iversen 2017,BigBIRD: A large-scale 3D database of object instances
W2054329862,10.1109/iros.2013.6696658,2013,,B cited by Iversen 2017,Bingham procrustean alignment for object detection in clutter
W2613607504,10.1049/el.2017.0392,2017,Electronics Letters,B cited by Iversen 2017,Generation of synthetic Kinect depth images based on empirical noise model
